GeneSymbol,p_name
-,
A4GALT,p.Met183Lys | p.Pro251Leu | p.Trp261Ter | p.Gly187Asp | p.Phe81del | p.Thr344fs
AAAS,p.Arg312Ter | p.Arg478Ter | p.Ser328fs | p.Gln15Lys | p.Ser263Pro | p.Leu430Phe | p.Trp84Ter
ABCA12,p.Gly1381Glu | p.Asn1380Ser | p.Gly1651Ser | p.Arg1514His | p.Glu1539Lys | p.Val2442fs | p.Asn1671fs | p.Asp2365Asn | p.Arg2204Ter | p.Gly1179Arg | p.Ser291Argfs
ABCC11,p.Gly180Arg | p.Asp1313_Arg1321del
ABCG5,p.Arg408Ter | p.Arg243Ter | p.Arg419His | p.Arg419Pro | p.Arg389His | p.Glu77Ter
ABCG5;ABCG8,p.Asp19His
ABCG8,p.Trp361Ter | p.Gly574Arg | p.Tyr658Ter | p.Arg263Gln | p.Gln183fs | p.Arg412Ter | p.Leu596Arg | p.Pro231Thr
ABHD12,p.Asp113fs | p.His285Ter | p.Arg352Ter
ACAD9,
ACADL,p.Lys333Gln
ACADM,p.Lys329Glu | p.Gln338Ter | p.Gly267Arg | p.Ile375Thr | p.Cys244Arg | p.Met149Ile | p.Ala369fs | p.Gly115_Cys116del | p.Gly195Arg | p.Thr193Ala | p.Arg281Thr | p.Tyr67His | p.Ser245Leu | p.Thr121Ile
ACADS,p.Arg46Trp | p.Arg107Cys | p.Gly92Cys | p.Trp177Arg | p.Arg383Cys | p.Arg171Trp | p.Gly209Ser | p.Gly90Ser | p.Glu104del | p.Ala192Val | p.Arg325Trp | p.Ser353Leu | p.Arg380Trp
ACADVL,p.Arg613Trp | p.Glu130del | p.Lys382Gln | p.Pro65Leu | p.Phe458Leu | p.Ala416Thr | p.Arg450His
ACAT1,p.Ala380Thr | p.Gly183Arg | p.Met1Lys | p.Gly379Val | p.Gln272Ter | p.Glu345del | p.Ala362fs | p.Asn93Ser | p.Ile312Thr | p.Ala333Pro | p.Gln145Glu
ACOX1,p.Met278Val | p.Gly178Cys | p.Gln309Arg | p.Arg148Ter | p.Phe124_Asn129del
ADA,p.Lys80Arg | p.Arg101Trp | p.Arg101Gln | p.Arg211His | p.Leu304Arg | p.Ala329Val | p.Pro297Gln | p.Arg76Trp | p.Arg149Gln | p.Pro274Leu | p.Leu107Pro | p.Arg211Cys | p.Ala215Thr | p.Gly216Arg | p.Arg156Cys | p.Ser291Leu | p.Asp8Asn | p.Gly74Val | p.Leu152Met | p.Thr233Ile | p.Tyr97Cys | p.Arg156His
ADAMTS10,p.Arg237Ter | p.Ala25Thr | p.Gln318Ter | p.Gly518Asp | p.Gly700Cys
ADAMTS17,p.Gln254Ter
ADAMTSL2,p.Pro147Leu | p.Arg113His | p.Glu114Lys | p.Gly811Arg | p.Trp862Ter
ADAMTSL4,p.Tyr595Ter
ADIPOQ,p.Arg112Cys
ADSL,p.Ser438Pro | p.Arg426His | p.Pro100Ala | p.Asp422Tyr | p.Arg190Gln | p.Lys246Glu | p.Met225Thr
AGA,p.Cys163Ser | p.Gly302Arg | p.Cys306Arg | p.Gly60Asp | p.Ala101Val | p.Thr33_Trp34insTer | p.Pro268fs | p.Ala42_Ala43insAspAla | p.Leu267fs | p.Ser72Pro
AGL,p.Tyr1510Ter | p.Gln6Ter | p.Trp680Ter | p.Ser1486fs | p.Gly1448Arg | p.Val1322fs | p.Gln667fs | p.Arg408Ter | p.Arg1147Gly | p.Trp1327Ter
AHI1,p.Arg351Ter | p.Arg435Ter | p.Val443Asp | p.Trp1088fs | p.Arg589Ter | p.Arg723Gln | p.Asn790fs
AIP,p.Gln14Ter | p.Arg304Ter | p.Gly23_Glu24del | p.His275fs | p.Ile182fs | p.Tyr268Ter | p.Arg304Gln | p.Arg22Ter
AIRE,p.Arg257Ter | p.Lys83Glu | p.Leu323fs | p.Arg139Ter | p.Leu370fs | p.Ala505fs | p.Gly228Trp | p.Met1Leu | p.Ala264fs | p.Val80Gly
ALDH3A2,p.Leu174fs | p.Gly270fs | p.Ala314_Pro315delinsGlyAlaLysSerThrValGlyAla | p.Cys214Tyr | p.Pro315Ser | p.Glu433fs | p.Leu438fs | p.Lys266Asn | p.Asn386Ser
ALDH4A1,p.Gly521fs | p.Ser352Leu | p.Leu8fs
ALDH5A1,p.Trp204Ter | p.Arg412Ter | p.Gly409Asp
ALDOB,p.Ala150Pro | p.Ala175Asp | p.Leu289del | p.Cys240Ter | p.Asn335Lys | p.Arg4Ter | p.Arg60Ter | p.Leu183_Val184del | p.Trp148Arg
ALG1,p.Ser258Leu | p.Gln342Pro | p.Ser150Arg
ALG12,p.Phe142Val | p.Thr67Met | p.Arg146Gln | p.Gly101Arg | p.Leu158Pro | p.Tyr414Ter
ALG2,p.Gly347fs | p.Lys131Asn
ALG3,p.Gly118Asp | p.Gly55= | p.Arg171Gln | p.Trp71Arg | p.Met157Lys
ALG8,p.Thr138fs | p.Val133fs | p.Thr47Pro | p.Gly275Asp
ALG9,p.Glu530Lys | p.Tyr287Cys
ALMS1,p.Trp3511fs | p.Gln2794Ter | p.Thr3591fs | p.Ser713fs | p.Trp3663Ter | p.Arg2721Ter
ALOXE3,p.Val500Phe | p.Arg234Ter | p.Arg396Ser | p.Leu237Met
ALS2,p.Ala47fs | p.Leu623fs | p.Glu476fs | p.Lys1206_Met1207insTer | p.Asn846fs | p.Ile336fs | p.Val1574fs | p.Arg998Ter | p.Thr185fs | p.Cys157Tyr | p.Gln715Ter
ALX3,p.Asn203Ser | p.Leu168Val | p.Arg183Trp | p.Tyr181Ter | p.Thr193fs | p.Arg196Trp
ALX4,p.Gln140Ter | p.Gln246Ter | p.Arg218Gln | p.Asp169fs | p.Arg272Pro | p.Ser207Ter | p.Cys129fs | p.Arg265Ter
AMN,p.Thr41Ile
ANGPTL4,p.Glu40Lys
ANK1,p.Glu1669Ter | p.Trp1721Ter | p.Arg1833Ter | p.Leu507fs | p.Leu174fs
ANKK1,p.Glu713Lys
ANO5,p.Cys356Arg | p.Cys356Gly | p.Ala432Gly | p.Asn64fs | p.Gly231Val | p.Arg758Cys
ANTXR1,p.Ala326Thr
ANTXR2,p.Glu393= | p.Tyr381Cys | p.Gly105Asp | p.Leu329Arg | p.Glu220Ter | p.Ile189Thr | p.Ala359fs
AP5Z1,p.Arg27_Ile28delinsLeuLeuTer | p.Leu473fs
APBB1;SMPD1,p.Arg498Leu
APC,p.Ser457fs | p.Tyr500Ter | p.Arg414Cys | p.Arg302Ter | p.Ser280Ter | p.Ser713Ter | p.Gln1338Ter | p.Gly1120Glu | p.Gln1067Ter | p.Asp170fs | p.Ile357fs | p.Gln541Ter | p.Arg554Ter | p.Arg564Ter | p.Leu629fs | p.Tyr935Ter | p.Ser1465fs | p.Glu1464fs | p.Trp157Ter | p.Gln215Ter | p.Glu1309fs | p.Ser1395Cys | p.Asn1981fs | p.Asp1860_Ser1861insTer | p.Ile1307Lys | p.Glu1538fs | p.Arg499Ter | p.Tyr486Ter | p.Lys398fs | p.Glu1317Gln | p.Glu313fs | p.Leu698Ter | p.Pro354fs | p.Gln208Ter | p.Val566fs
APCDD1,p.Leu9Arg
APOA5,p.Gly185Cys | p.Ser19Trp | p.Gln139Ter
APOC2,p.Tyr59Ter | p.Gln92fs | p.Asp91fs | p.Met1Val | p.Lys41Thr | p.Glu60Lys | p.Trp48Arg | p.Tyr85Ter
APOC2;APOC4-APOC2,p.Lys77Gln
APTX,p.Glu232fs | p.Pro206Leu | p.Ser281fs | p.Val263Gly | p.His201Arg | p.Trp279Ter | p.Leu223Pro
ARFGEF2,p.Glu209Lys | p.Pro81Gln
ARG1,p.Lys88fs | p.Gly27fs | p.Arg291Ter | p.Thr290Ser | p.Trp122Ter | p.Gly235Arg | p.Leu282fs | p.Ile11Thr | p.Gly138Val | p.Arg21Ter
ARHGAP26,p.Asn417Ser
ARHGAP9,p.Ser370Ala
ARHGEF10,p.Thr332Ile
ARL13B,p.Arg79Gln | p.Trp82Ter | p.Arg200Cys
ARL6,p.Arg122Ter | p.Gly169Ala | p.Thr31Met | p.Leu170Trp | p.Thr31Arg | p.Ala89Val
ARMS2,p.Ala69Ser
ARSA,p.Asn352Ser | p.Pro428Leu | p.Gly101Asp | p.Ser98Phe | p.Ile181Ser | p.Gly311Ser | p.Gly88Asp | p.Ser98Leu | p.Gly124Ser | p.Pro138Leu | p.Gly156Asp | p.Pro157Arg | p.Pro169Arg | p.Asp171Asn | p.Ala214Val | p.Ala226Val | p.Pro233Thr | p.Arg246Cys | p.Gly247Arg | p.Thr276Met | p.Arg290Cys | p.Ser297Tyr | p.Gly327Cys | p.Asp337Val | p.Arg372Trp | p.Arg372Gln | p.Pro379Leu | p.Glu384Lys | p.Arg392Trp | p.Phe401del | p.Thr411Ile | p.Gln488Ter | p.Leu137Pro | p.Thr288Pro | p.Glu255Lys | p.Thr410Ile | p.Cys302Phe | p.Pro427Thr
ARSB,p.Gly137Val | p.Cys117Arg | p.Leu236Pro | p.Cys405Tyr | p.Val80fs | p.Pro248fs | p.Leu72Gln | p.Arg95Gln | p.Tyr210Cys | p.His393Pro
ASAH1,p.Thr222Lys | p.Glu138Val | p.Tyr36Cys | p.Asn320Asp | p.Leu182Val
ASL,p.Arg95Cys | p.Gln286Arg | p.Arg385Cys | p.Val178Met | p.Arg379Cys
ASPA,p.Glu285Ala | p.Cys152Arg | p.Ala305Glu | p.Cys218Ter | p.Tyr231Ter | p.Tyr231Cys | p.Glu24Gly | p.Asp249Val | p.Arg71His
ASPM,p.Ser240fs | p.Tyr2587Ter | p.Lys3053fs | p.Gln3060Ter | p.Trp1326Ter | p.Arg117Ter | p.Tyr2063Ter | p.Thr1399fs | p.Arg797Ter
ASPN;CENPP,p.Asp50_Glu51insAspAsp
ATG16L1,p.Thr300Ala
ATL1,p.Arg239Cys | p.Ser259Tyr | p.His258Arg | p.Arg217Gln | p.Met408Val | p.Arg415Trp | p.Leu157Trp | p.Asn436del
ATM,p.Ser2860del | p.Arg2547_Ser2549del | p.Leu2427_Arg2428del | p.Phe2827Cys | p.Val2424Gly | p.Arg35Ter | p.Asp1682His | p.Met1040Val | p.Leu2656Pro | p.Arg3047Ter | p.Asp2625_Ala2626delinsGluPro | p.His1082fs | p.Val2663fs | p.Lys1192= | p.Arg2443Ter | p.Glu2423Gly | p.Lys2418_Arg2419insLys | p.Gln1361Ter | p.Ser1770Ter | p.Lys750= | p.Tyr2677Cys | p.Ser49Cys
ATP13A2,p.Leu552fs | p.Gly504Arg
ATP6V0A2,p.Gln765Ter | p.Arg63Ter
ATP7B,p.His1069Gln | p.Gly1266Arg | p.Ala874Val | p.Arg778Leu | p.Val1298del | p.Asp765Asn | p.Gly943Ser | p.Arg919Gly | p.Asn1270Ser | p.Arg969Gln | p.Thr766Arg | p.Met645Arg | p.Ile1148Thr | p.Gln289Ter | p.Leu708Pro | p.Gly691Arg
ATPAF2,p.Trp94Arg
ATXN10,
ATXN3,
ATXN7,
ATXN8;ATXN8OS;LOC109461478,
B3GLCT,p.Leu77fs | p.Gly393Glu
BANK1,p.Arg61His
BBS10,p.Cys91fs | p.Arg34Pro | p.Ser311Ala | p.Val11Gly
BBS12,p.Arg355Ter | p.Val113del | p.Glu495fs | p.Ala289Pro | p.Gly371_Phe372insTer
BBS2,p.Ile314fs | p.Val75Gly | p.Tyr24Ter | p.Gln59Ter | p.Arg275Ter | p.Arg315Trp | p.Ser70= | p.Asp104Ala | p.Arg632Pro | p.Arg216Ter | p.Gly139Val
BBS7,p.His323Arg | p.Thr211Ile | p.Lys237fs
BBS9,p.Arg598Ter | p.Arg683fs | p.Gly141Arg | p.Gln355Ter | p.Lys626fs
BCAM,p.Arg77His | p.Thr539Ala | p.Arg231Ter | p.Cys237Ter | p.Arg121Ter
BCKDHA,p.Tyr438Asn | p.Gly290Arg | p.Phe409Cys | p.Arg265Trp | p.Gly249Ser | p.Thr310Arg | p.Cys264Trp
BCO1,p.Thr170Met
BEAN1,
BEST1,p.Trp93Cys | p.Tyr85His | p.Gly299Glu | p.Tyr29Ter | p.Tyr227Asn | p.Thr6Pro | p.Ile295del | p.Val9Met | p.Glu119Gln | p.Ala146Lys | p.Ala243Val | p.Arg47His | p.His490fs | p.Arg141His | p.Arg200Ter | p.Val317Met | p.Leu41Pro | p.Val86Met | p.Val239Met | p.Tyr236Cys | p.Ile205Thr | p.Asp228Asn | p.Tyr227Cys | p.Leu140Val | p.Val235Ala
BHLHE41,p.Pro384Arg
BLOC1S3,p.Gln150fs
BRIP1,p.Pro47Ala | p.Met299Ile | p.Arg798Ter
BSCL2,p.Ser128fs | p.Met165fs | p.Tyr170fs | p.Thr173fs | p.Arg202Ter | p.Ala276Pro | p.Tyr277fs | p.Ser154Leu | p.Arg339Ter | p.Glu253Ter
BSCL2;HNRNPUL2-BSCL2,p.Asn152Ser
BSND,p.Met1Leu | p.Arg8Trp | p.Met1Ile | p.Gly10Ser | p.Arg8Leu | p.Gly47Arg | p.Ile12Thr | p.Glu4Ter
BTD,p.Cys13fs | p.Thr512Met | p.Arg518Cys | p.Gly14Ser | p.Asp424His | p.Asp232Gly | p.Gln436His | p.Asn469Thr | p.Phe383Val | p.Arg59Cys
BTNL2,p.Ser360=
C1QTNF5,p.Ser163Arg
CA2,p.Asn252Asp | p.Lys18Glu | p.Pro236His | p.His107Tyr | p.Tyr40Ter | p.Trp208fs
CABP4,p.Arg124Cys
CACNA1H,p.Phe161Leu | p.Glu282Lys | p.Val831Met | p.Gly773Asp | p.Pro618Leu | p.Ala876Thr
CACNA2D4,p.Tyr802Ter
CANT1,p.Pro245fs | p.Arg300Cys | p.Arg300His | p.Gln304fs | p.Trp125Ter | p.Pro299Leu
CARD9,p.Gln295Ter
CASP12,p.Arg125Ter
CATSPER1,p.His182fs | p.Asp317fs
CBLIF,p.Gln23Arg | p.Ser46Leu | p.Asn54fs | p.Thr393fs
CBS,p.Gly307Ser | p.Pro145Leu | p.Ala114Val | p.Ile278Thr | p.Gly139Arg | p.Glu144Lys | p.Lys384Glu | p.Leu539Ser | p.Arg266Lys | p.Asp444Asn | p.Val168Met | p.Pro422Leu | p.Ser466Leu | p.Thr353Met | p.Thr191Met
CC2D1A,
CC2D2A,p.Gln588Ter | p.Pro1122Ser | p.Arg1528Cys | p.Arg950Ter | p.Arg1049Ter | p.Thr1116Met
CCBE1,p.Cys75Ser | p.Cys102Ser | p.Gly327Arg | p.Leu229fs | p.Arg158Cys | p.Cys174Arg
CCDC28B,p.Phe110=
CCDC50,p.Phe468fs
CCM2,p.Gly8fs | p.Gln107Ter | p.Met1Val | p.Leu198Arg
CCT5,p.His147Arg
CD244,
CD96,p.Thr264Met
CDAN1,p.Arg1042Trp | p.Pro1130Leu | p.Asn599Ser | p.Pro672Leu | p.Phe868Ile | p.Val373del
CDC73,p.Met1Ile | p.Arg9Ter | p.Arg227fs | p.Trp43Ter | p.Leu64Pro | p.Ile18fs | p.Tyr54Ter | p.Arg126fs | p.Arg229fs | p.Glu29fs | p.Leu5_Gln10del
CDH23,p.Gln1496His | p.Arg1746Gln | p.Met1281del | p.Asp2045Asn | p.Asp2202Asn | p.Gln1294Ter | p.Asp2148Asn | p.Asp1341Asn | p.Phe1888Ser | p.Leu65fs | p.Arg3189Trp | p.Thr1209Ala | p.Pro240Leu | p.Arg301Gln
CDK5RAP2,p.Tyr82Ter
CDKAL1,
CENPJ,p.Ser7fs | p.Glu1235Val
CEP152,p.Gln265Pro | p.Arg987Ter
CEP290,p.Gly1890Ter | p.Trp7Cys | p.Ile740fs | p.Leu750Ter | p.Lys1575Ter | p.Arg205Ter | p.Lys421fs | p.Glu1902Ter
CERKL,p.Arg257Ter
CHD7,p.Ile1028Val | p.Leu1257Arg | p.Tyr1806Ter | p.Arg2319Ser | p.Glu1271Ter | p.Thr1918fs | p.Gly2108Arg | p.Ser834Phe | p.His55Arg | p.Leu2895fs | p.Gln1599Ter
CHMP2B,p.Asp148Tyr | p.Gln206His | p.Gln165Ter
CHMP4B,p.Asp129Val | p.Glu161Lys
CHST14,p.Ala48_Val49insTer | p.Arg213Pro | p.Tyr293Cys | p.Pro281Leu | p.Lys69Ter | p.Cys289Ser
CILK1,p.Arg272Gln
CISD2,p.Glu37Gln
CLCF1,p.Tyr107Ter | p.Arg197Leu
CLDN14,p.Met133fs | p.Val85Asp | p.Gly101Arg
CLDN19,p.Gly20Asp | p.Gln57Glu | p.Leu90Pro
CLEC7A,p.Tyr238Ter
CLN3,p.Glu295Lys | p.Tyr199Ter
CLN5,p.Thr342_Tyr343insTer | p.Trp26Ter | p.Asp230Asn | p.Arg63His | p.Glu303Ter | p.Cys77Tyr | p.Tyr325Cys
CLN6,p.Glu72Ter | p.Tyr172del | p.Gly123Asp | p.Ala3fs | p.Arg106fs | p.Ser132fs | p.Ile154del | p.Tyr221Ter | p.Val91fs
CLN8,p.Arg24Gly | p.Trp263Cys | p.Arg204Cys | p.Ala30Pro
CLRN1,p.Tyr100Ter | p.Met120Lys | p.Ile153_Leu154delinsMet | p.Leu150Pro | p.Tyr63Ter | p.Tyr63fs | p.Cys40Gly
CLRN1;CLRN1-AS1,p.Asn48Lys
CNNM4,p.Leu438fs | p.Arg236Gln | p.Leu324Pro | p.Gln564Ter | p.Ser200Tyr | p.Gln717Ter | p.Ala22_Met49del
COG1,
COG4,p.Arg733Trp
COG5,
COG7,
COG8,p.Tyr537Ter | p.Phe563fs
COQ2,p.Tyr247Cys | p.Arg147His | p.Asn178Ser | p.Ser96Asn
COQ8A,p.Glu551Lys | p.Arg213Trp | p.Gly272Val | p.Gly272Asp | p.Glu605fs | p.Gln167fs | p.Tyr514Cys | p.Thr584del | p.Phe331= | p.Gly549Ser
COQ9,p.Arg244Ter
COX4I2,p.Glu138Lys
CPAP,p.Ser1081fs
CPOX,p.Arg331Trp | p.Arg426Gln | p.Lys404Glu | p.Gly45fs | p.Cys164_Val170del | p.His295Asp | p.Gln29Ter | p.Arg447Cys | p.Ser208Phe | p.Arg328Cys | p.Thr286fs | p.Gly279Arg
CPS1,p.Lys280Asn | p.Thr544Met | p.Gln44Ter | p.His337Arg | p.Gly982Asp | p.Arg787Ter
CRBN,p.Arg419Ter
CRELD1,p.Arg329Cys | p.Thr311Ile | p.Arg107His | p.Pro162Ala | p.Glu414Lys
CRTAP,p.Phe293fs | p.Gln276Ter | p.Met1Ile | p.Gly99fs
CTH,p.Leu262fs | p.Thr67Ile | p.Gln240Glu | p.Ser403Ile
CTNS,p.Gly95Ter | p.Cys20_Glu21delinsTer | p.Trp138Ter | p.Gly169Asp | p.Val42Ile | p.Gly197Arg | p.Gly339Arg | p.Asn323Lys | p.Gly110Val | p.Ser139Phe
CTSA,p.Phe440Val | p.Gln49Arg | p.Trp65Arg | p.Ser90Leu | p.Tyr395Cys | p.Tyr249Asn | p.Val132Met | p.Leu236Pro | p.Gly439Ser | p.Met406Thr | p.Phe173fs | p.Lys453Glu
CUL7,p.Arg1445Ter | p.His1464Pro | p.Val1484fs | p.Arg1528fs | p.Trp1127fs
CYB5A,
CYB5R3,p.Ser128Pro | p.Arg58Gln | p.Leu149Pro | p.Val106Met | p.Arg219Ter | p.Cys204Arg | p.Met273del | p.Phe299del | p.Thr117Ser | p.Leu73Pro | p.Gln77Ter | p.Arg160Ter | p.Cys204Tyr | p.Gly292Asp | p.Glu256del | p.Asp240Gly
CYBA,p.Arg90Gln | p.Ser118Arg | p.Pro156Gln | p.His94Arg | p.Tyr72His | p.Gln3Ter | p.Gly24Arg | p.Ala125Thr
CYP11B1,p.Arg448His | p.Thr318Met | p.Arg374Gln | p.Trp116Ter | p.Asn133His | p.Thr319Met | p.Pro42Ser | p.Tyr423Ter | p.Pro94Leu | p.Ala368Asp
CYP17A1,p.Pro480fs | p.Phe54del | p.His120fs | p.Ser106Pro | p.Arg239Ter | p.Pro342Thr | p.Gly438fs | p.Arg96Trp | p.Arg347His | p.Arg358Gln | p.Trp17Ter | p.Phe93Cys | p.Phe114Val | p.Asp116Val | p.Arg347Cys | p.Gly69fs | p.Arg362Cys | p.Trp406Arg | p.Tyr329Asp | p.Pro428Leu | p.Tyr201Asn | p.Tyr27Ter | p.Arg96Gln | p.Arg125Gln | p.Arg416His | p.Phe453Ser
CYP27A1,p.Arg479Cys | p.Arg395Cys | p.Arg474Gln | p.Arg474Trp | p.Arg405Gln | p.Arg395Ser | p.Gly145Glu | p.Leu315fs | p.Thr339Met | p.Arg479Gly
CYP27B1,p.Arg107His | p.Gly125Glu | p.Arg335Pro | p.Pro382Ser | p.Glu211fs | p.Thr232fs | p.Val88fs | p.Thr321Arg | p.Thr409Ile | p.Arg389His | p.Gln67fs | p.Arg389Gly | p.Leu343Phe | p.Glu189Gly
CYP2R1,p.Leu99Pro
CYP4F22,p.His435Tyr | p.His436Asp | p.Arg243His
CYP4V2,p.Trp44Arg | p.Ile111Thr | p.Arg508His | p.Gly61Ser
D2HGDH,p.Val444Ala | p.Ile147Ser | p.Asn439Asp | p.Glu110fs | p.Asp375Tyr
DARS2,p.Leu626Val | p.Arg263Ter | p.Arg263Gln | p.Cys152Phe | p.Ser45Gly | p.Arg179His | p.Glu425Ter | p.Leu613Phe | p.Leu626Gln
DBH,p.Asp114Glu | p.Val101Met
DCAF17,p.Ala17fs
DCLRE1C,p.Arg81Ter | p.Lys103_Gln226del | p.Tyr199Ter | p.His35Asp | p.Asp451fs | p.Met1Thr
DHCR24,p.Tyr471Ser | p.Asn294Thr | p.Glu191Lys
DHH,p.Met1Thr | p.Leu162Pro | p.Leu363fs
DICER1,p.Leu1583Arg | p.Glu503Ter | p.Arg944Ter | p.Arg544Ter
DIP2B,
DLAT,p.Glu121del | p.Phe576Leu
DMGDH,p.His109Arg
DMPK,
DNAAF1,p.Pro451fs | p.Arg271Ter | p.Tyr264Ter | p.Glu170fs | p.Leu175Arg
DNAAF2,p.Ser8Ter
DNAAF4,p.Glu417Ter
DNAI2,p.Arg263Ter
DNAJC19,
DOCK8,p.Lys473Arg
DOK7,p.Ala378fs | p.Ser422fs | p.Phe183fs | p.Gly448fs | p.Glu382fs | p.Gly180Ala | p.Arg201Ter | p.Gln460fs
DOLK,p.Cys99Ser | p.Tyr441Ser
DPM3,p.Leu85Ser
DPYD,p.Asp974Val | p.Cys29Arg | p.Arg886His
DPYS,p.Gln334Arg | p.Gly435Arg | p.Trp360Arg | p.Arg412Met
DSG4,p.Lys30fs | p.Ser192Pro | p.Ser680fs | p.Pro267Arg | p.Cys255fs | p.Arg289Ter
DTNBP1,p.Gln103Ter
DUOX2,p.Arg434Ter | p.Gln686Ter | p.Arg842Ter | p.Arg376Trp
DUOXA2,p.Tyr246Ter
DYM,p.Tyr16Ter | p.Thr255fs | p.Tyr132Ter | p.Asn469Tyr | p.Glu87Lys | p.Lys681fs | p.Cys597Arg
EDARADD,p.Glu152Lys | p.Leu122Arg
EFHC1,p.Arg182His | p.Phe229Leu | p.Asp210Asn | p.Asp253Tyr | p.Pro77Thr | p.Ile174Val | p.Cys259Tyr | p.Gln295Ter
EGLN1,p.Pro317Arg | p.Arg371His | p.His374Arg
EHBP1,
EHMT1,p.Arg1168Ter | p.Pro473fs | p.Cys1073Tyr | p.Arg291Ter
EIF2B1,p.Asn208Tyr
EIF2B2,p.Glu213Gly | p.Val316Asp | p.Arg183Ter | p.Ser171Phe | p.Met203fs
EIF2B3,p.Arg225Gln | p.Val398fs | p.Ala87Val | p.Ile346Thr
EIF2B4,p.Arg357Gln | p.Arg374Cys | p.Ala228Val | p.Cys465Arg | p.Tyr489His
ELAC2,p.Ser217Leu
ELOVL4,p.Asn264fs | p.Tyr270Ter
EMG1,p.Asp86Gly
ENAM,p.Lys53Ter | p.Pro422fs
EPM2A,p.Arg241Ter | p.Gly279Ser | p.Arg108Cys | p.Tyr112Ter | p.Arg171His | p.Gln319fs | p.Trp32Gly
ERCC6,p.Trp517Ter | p.Arg735Ter | p.Arg453Ter | p.Glu325fs | p.Thr659fs | p.Lys1239fs | p.Pro1095Arg | p.Arg77Ter | p.Lys345fs | p.Arg683Ter | p.Leu987Pro | p.Met752Val
ERCC8,p.Tyr322Ter | p.Ala160Val | p.Ala205Pro
ERCC8;NDUFAF2,p.Glu13Ter
ERMAP,p.Asp103fs | p.Gly57Arg | p.Pro60Ala | p.Glu47Lys
ESCO2,p.Trp539Gly | p.Arg169Ter | p.Glu251fs | p.Thr254fs | p.Trp423Ter | p.Gln202Ter
ESPN,p.Ser824fs | p.Lys663fs | p.Ser719Arg | p.Asp744Asn | p.Arg774Gln | p.Lys848del | p.Ala586fs
ETFA,p.Val157Gly | p.Thr266Met | p.Gly116Arg
ETHE1,p.Arg163Trp | p.Met1Ile
EVC2,p.Gln686fs | p.Arg399Ter | p.Gln619Ter | p.Ile283Arg | p.Gln1089Ter | p.Arg950Trp | p.Leu1265fs
EXT1,p.Ser141fs | p.Arg340Leu | p.Lys177fs | p.Gly339Asp | p.Tyr119Ter | p.Arg340Cys | p.Asn555fs
EXT2,p.Val154fs | p.Gln172Ter | p.Asp227Asn | p.Tyr222Ter | p.Gln258Ter
EYS,p.Asp904fs | p.Glu1953Ter | p.Tyr3135Ter
F12,p.Cys590Ser | p.Arg372Pro | p.Tyr53Cys | p.Thr328Lys | p.Thr328Arg
F5,p.Arg534Gln | p.Arg334Gly | p.Arg334Thr | p.Glu147Ter | p.Ser1308fs | p.Ala1568fs | p.Lys348fs | p.Tyr1730Cys | p.Gln801Ter | p.Arg1161Ter | p.Ser1802fs | p.Arg2102Cys | p.Ile387Thr
FA2H,p.Asp35Tyr
FAM161A,p.Arg229Ter | p.Arg437Ter | p.Thr452fs | p.Arg523Ter | p.Arg596Ter
FAM20C,p.Gly365Arg | p.Leu388Arg | p.Arg549Trp | p.Gly379Glu
FAM83H,p.Arg325Ter | p.Gln398Ter | p.Glu415Ter | p.Tyr297Ter | p.Trp460Ter | p.Gln677Ter | p.Gln470Ter | p.Ser287Ter | p.Glu694Ter | p.Leu625fs | p.Leu308fs
FANCA,p.Val372fs | p.Trp298Cysfs | p.Asp539fs | p.Arg1187fs | p.Ser536fs | p.Trp171Ter | p.Glu1240fs
FANCI,p.Arg1285Gln | p.Arg1285Ter
FANCL,
FANCM,p.Ser724Ter
FASTKD2,p.Arg432Ter
FBN2,p.Cys1253Tyr | p.Glu391Lys | p.Asp1115His | p.Cys1142Phe | p.Cys1253Trp
FBP1,p.Ser321fs | p.Gly164Ser | p.Ala177Asp | p.Glu30Ter | p.Phe194Ser | p.Pro284Arg
FBXO7,p.Arg378Gly | p.Arg498Ter | p.Thr22Met
FECH,p.Gly55Cys | p.Met267Ile | p.Phe417Ser | p.Val362Gly | p.Lys379fs | p.Tyr194fs | p.Asn408Lys
FERMT1,p.Gln263Ter | p.Val572fs | p.Asn155fs | p.Arg271Ter | p.Arg288Ter
FERMT3,p.Trp16Ter | p.Arg573Ter | p.Trp229Ter | p.Arg509Ter
FGD4,p.Arg361Ter | p.Glu680fs | p.Gly723Ter | p.Met435Thr | p.Arg412Ter
FGF20,
FGF23,p.Arg176Gln | p.Arg179Trp | p.Ser71Gly | p.Met96Thr | p.Ser129Phe
FIG4,p.Ile41Thr | p.Phe98fs | p.Arg183Ter | p.Asp348fs | p.Asp53Tyr
FIGLA,p.Gly6fs | p.Asn140del
FKBP10,p.Met107_Leu117del
FKRP,p.Tyr309Cys | p.Ser385Ter | p.Pro448Leu | p.Leu276Ile | p.Asp131delinsThrTer | p.Ter496Arg | p.Pro316Thr | p.Ser221Arg | p.Ala455Asp | p.Val405Leu | p.Arg54Trp | p.Val79Met | p.Trp255Ter | p.Arg134Trp | p.Val300Ala | p.Tyr307Asn | p.Cys318Tyr | p.Asn463Asp
FKTN,p.Arg47Ter | p.Met63fs | p.Phe390fs | p.Phe176Ser | p.Ser152fs | p.Gln116Ter | p.Asp455fs | p.Arg307Gln | p.Gln358Pro | p.Arg179Thr | p.Gly125Ser | p.Ala114Thr | p.Ala170Glu | p.Tyr371Cys | p.Arg307Ter
FLCN,p.His429fs | p.Tyr463Ter | p.Ile426fs | p.Ser79Trp | p.Ala445Thr | p.Ser79fs | p.Glu510_Trp511insTer | p.Pro135fs | p.Ser386fs
FLVCR2,p.Thr430Arg | p.Asn110_Phe112delinsIle | p.Leu398Val | p.Ser158Ter | p.Pro280Arg | p.Ala326Val
FOXD3,
FOXL2,p.Gln219Ter | p.Ala225_Ala234dup | p.Pro18fs | p.Pro307fs | p.Val60_Ala64dup | p.Gly269fs | p.Pro287fs | p.Gln53Ter | p.Tyr274Ter | p.Ala234_Gly235insAlaAlaAlaAlaAlaAlaAlaAlaAlaAla | p.Ile84Ser | p.Gln99Ter | p.Gln196Ter | p.His291fs | p.Gln321fs | p.Ala225_Ala234del | p.Tyr258Asn | p.Ala234_Gly235insAlaAlaAlaAlaAla | p.Gly187Asp
FOXRED1,p.Gln232Ter | p.Asn430Ser
FRAS1,p.Gln2868Ter | p.Gln3005Ter | p.Gln1267Ter | p.Ser1424Ter | p.Phe1807_Ser1808del | p.Val2322fs
FREM1,p.Val908fs | p.Arg649Trp | p.Gly1440Ser
FREM2,p.Glu1972Lys
FSCN2,p.Thr25fs
FTCD,p.Arg135Cys | p.Arg299Pro | p.Pro331fs
FTO,p.Arg316Gln
FUCA1,p.Gln427Ter | p.Glu380Ter | p.Gln82Ter | p.Trp387Ter | p.Tyr216Ter | p.Pro146fs | p.Ser221fs | p.Gln286Arg | p.Leu410Arg
FXN,p.Leu106Ter | p.Ile154Phe | p.Gly130Val | p.Met1Ile | p.Trp173Gly | p.Arg53fs
G6PC3,p.Arg253His | p.Leu185Pro | p.Tyr47Ter | p.Gly262Arg | p.Met116Val
GAA,p.Asp91Asn | p.Met318Thr | p.Glu521Lys | p.Gly643Arg | p.Arg725Trp | p.Leu299Arg | p.Ser529Val | p.Lys903del | p.Asp645Glu | p.Glu689Lys | p.Pro545Leu | p.Glu176fs | p.Arg854Ter | p.Ala237Val | p.Gly293Arg
GABBR2,p.Ala120=
GALC,p.Glu385Ter
GALE,p.Leu183Pro | p.Asn34Ser | p.Gly90Glu | p.Asp103Gly | p.Lys257Arg | p.Leu313Met | p.Gly319Glu | p.Val94Met
GALNS,p.Asn204Lys | p.Val138Ala | p.Arg386Cys | p.Asn487Ser | p.Ile113Phe | p.Gln473Ter | p.Arg94Gly | p.Arg259Gln | p.Ala291Thr | p.Gly301Cys | p.Ser162Phe | p.Phe69Val | p.Trp230Ter | p.Thr312Ser | p.Asp60Asn
GALNT12,p.Met1Ile | p.Thr491Met | p.Tyr395Ter
GALT,p.Met142Lys | p.Arg333Trp | p.Val44Met | p.Leu62Met | p.Asn314Asp | p.Gln188Arg | p.Leu74Pro | p.Phe171Ser | p.His319Gln | p.Ser135Leu | p.Pro183Thr | p.Leu218= | p.Lys285Asn | p.Glu203Lys | p.Arg333Gly | p.Phe194Leu
GAN,p.Glu486Lys | p.Gln483Ter | p.Arg201Ter | p.Ile423Thr | p.Arg138His | p.Arg15Ser | p.Arg477Ter | p.Glu169Lys
GBA1,p.Leu483Pro | p.Pro454Arg | p.Asn409Ser | p.Arg159Gln | p.Val433Leu | p.Asp448His | p.Asp448Val | p.Arg502Cys | p.Gly85Glu | p.Phe255Tyr | p.Asp179His | p.Lys196Gln | p.Phe252Ile | p.Leu29fs | p.Val437Phe | p.Pro328Leu | p.Thr362Ile | p.Leu25fs | p.Pro161Ser | p.Tyr251His | p.Gly517Ser | p.Arg535His | p.Val54Leu | p.Asn227Ser | p.Phe255Val | p.Ala348Val | p.Trp351Cys | p.Gly364Arg | p.Cys381Gly | p.Ser403Thr | p.Arg87Trp | p.Pro178fs | p.Arg392Gly | p.Pro440Leu | p.His350Arg | p.Arg398Ter | p.Gly416Ser | p.Arg296Gln | p.Arg170Leu | p.Lys118Asn | p.Phe290Leu | p.Leu410Val | p.His294Gln | p.Asp482Asn
GBE1,p.Tyr329Ser | p.Leu224Pro | p.Arg515Cys | p.Phe257Leu | p.Arg524Ter | p.Arg524Gln | p.Ser331Argfs | p.His545Arg | p.Glu592Ter | p.His628Arg | p.Asp13fs | p.Gln236His | p.Arg262Cys | p.Trp548Ter
GCDH,p.Tyr295His | p.Ala421Val | p.Ala293Thr | p.Thr416Ile | p.Arg402Trp | p.Glu365Lys | p.Val400Met | p.Arg227Pro
GCDH;KLF1;LOC117125594,
GCLC,p.His370Leu
GDAP1,p.Trp31Ter | p.Ser194Ter | p.Arg161His | p.Gln163Ter | p.Thr288fs | p.Arg282Cys | p.Arg120Trp | p.Thr157Pro | p.Leu239Phe | p.Gln218Glu | p.Pro231Leu | p.Cys240Tyr | p.Arg226Ser
GFM1,p.Asn174Ser | p.Arg47Ter | p.Met496Arg
GIGYF2,p.Asn56Ser | p.Asn457Thr | p.Asp606Glu | p.Ile278Val | p.Lys421Arg
GJB4,p.Phe137Leu | p.Thr85Pro | p.Gly12Asp | p.Arg22His | p.Phe189Tyr
GJC2,p.Met286Thr | p.Pro90Ser | p.Pro330fs | p.Arg240Ter | p.Tyr272Asp | p.Pro305fs | p.Tyr232Ter | p.Ile36Met | p.Ser48Leu | p.Arg260Cys
GLB1,p.Arg49Cys | p.Arg457Ter | p.Arg201Cys | p.Ile51Thr | p.Gly123Arg | p.Tyr316Cys | p.Arg457Gln | p.Trp273Leu | p.Arg482His | p.Trp509Cys | p.Gln95fs | p.Thr82Met | p.Tyr83His | p.Arg482Cys | p.Arg208Cys | p.Gly438Glu | p.Arg351Ter | p.Thr500Ala | p.Gln408Pro | p.Arg68Trp | p.Arg59His | p.Tyr591Asn | p.Tyr591Cys
GLIS3,p.Arg780fs
GLRX5,p.Gln98=
GM2A,p.Cys138Arg | p.Arg169Pro | p.His137fs | p.Glu54Ter
GNAS;GNAS-AS1,
GNMT,p.Leu50Pro | p.His177Asn
GNPTAB,p.Leu257= | p.Asp407Ala | p.Gln104Ter | p.Arg1189Ter | p.Ser1058Ter | p.His1158fs | p.Trp894Ter | p.Asn859fs | p.Glu542fs | p.Leu1168fs | p.Lys4Gln | p.Phe374Leu
GNPTG,p.Glu214fs | p.Trp111Ter | p.Gly106Ser
GNS,p.Arg355Ter | p.Gln390fs | p.Gln390Ter | p.Asp380fs | p.Ser410fs
GORAB,p.Glu123Ter | p.Arg262Ter
GP1BA,p.Trp359Ter | p.Thr453_Pro454insSerGluProAlaProSerProThrThrProGluProThrSerGluProAlaProSerProThrThrProGluProThr | p.Gly249Val | p.Leu73Phe | p.Met255Val | p.Ala172Val | p.Trp540Ter
GPD1L,p.Ala280Val | p.Glu83Lys | p.Ile124Val | p.Arg273Cys
GPSM2,p.Arg127Ter
GRHL2,p.Arg537fs
GRXCR1,p.Gln77Ter | p.Arg138Cys
GSDME,
GTF2H5,p.Arg56Ter | p.Leu21Pro
GUSB,p.Ala619Val | p.Arg382Cys | p.Arg216Trp | p.Ala354Val | p.Arg611Trp | p.Pro148Ser | p.Tyr495Cys | p.Trp507Ter | p.Ser539= | p.Arg577Leu | p.Trp446Ter | p.Leu176Phe | p.Lys350Asn | p.Trp627Cys | p.Arg357Ter
HAL,p.Arg206Thr | p.Arg208Leu | p.Pro259Leu | p.Arg322Pro
HAMP,p.Gly32fs | p.Arg56Ter | p.Gly71Asp
HAVCR1,
HAX1,p.Gln190Ter | p.Trp44Ter | p.Pro58_Glu59insTer | p.Arg86Ter | p.Arg126fs | p.Ser43fs
HERC2,
HEXA,p.Tyr427fs | p.Glu482Lys | p.Arg504fs | p.Arg504His | p.Arg178His | p.Arg178Cys | p.Gly269Ser | p.Arg499His | p.Arg170Gln | p.Trp420Cys | p.Gly250Asp | p.Arg137Ter | p.Arg393Ter | p.Arg504Cys | p.Ser210Phe | p.Glu160fs | p.Trp26Ter | p.Arg178Leu | p.Met1Val | p.Arg499Cys | p.Trp329Ter | p.Trp485Arg | p.Leu183fs | p.Tyr180Ter | p.Gly321del | p.Arg247Trp | p.Val192Leu | p.Asp258His | p.Arg170Trp | p.Lys197Thr | p.Phe211Ser | p.Leu127Arg | p.His204Arg | p.Thr141_Phe142insTer | p.Met301Arg | p.Gly454Ser | p.Leu39Arg | p.Trp392Ter | p.Tyr180His | p.Trp474Cys | p.Leu451Val | p.Val324=
HEXB,p.Lys121Arg | p.Tyr456Ser | p.Pro417Leu | p.Arg505Gln | p.Ala543Thr | p.Ser62Leu | p.Pro504Ser | p.Met26fs | p.Arg284Ter
HFE,p.Cys282Tyr | p.His63Asp | p.Ser65Cys | p.Ile105Thr | p.Gly93Arg | p.Val53Met | p.Val59Met | p.Gln127His | p.Arg330Met | p.Gln283Pro
HGD,p.Pro230Ser | p.Val300Gly | p.Arg330Ser | p.Gly161Arg | p.Asp153fs | p.Ser59fs | p.His371Arg | p.Met368Val | p.Gly270Arg
HGSNAT,p.Asp449fs | p.Pro283Leu | p.Leu321Ter | p.Met482Lys | p.Val176fs | p.Arg344Cys | p.Ser518Phe
HIBCH,p.Tyr122Cys
HJV,p.Gly320Val | p.Arg326Ter | p.Ile222Asn | p.Ile281Thr | p.Cys80Arg | p.Leu101Pro | p.Cys321Ter | p.Ser328fs | p.Arg54Ter
HLCS,p.Leu384Pro | p.Asp718Asn | p.Arg655Trp | p.Gly728Ser | p.Val697Met | p.Ile366fs | p.Leu363Arg
HMBS,p.Arg26His | p.Arg116Trp | p.Arg167Gln | p.Arg173Gln | p.Gln155Ter | p.Arg149Gln | p.Leu245Arg | p.His300fs | p.Trp198Ter | p.Ala31Thr | p.Gln34Lys | p.Arg167Trp | p.Arg167Leu | p.Ala55Ser | p.Thr59fs | p.Asp61fs | p.Arg201Trp | p.Gly111Arg | p.Leu177Arg | p.Glu223Lys | p.Leu244fs | p.Cys247Arg | p.Ile248fs | p.Glu250Lys | p.Ala252Thr | p.Ala252Val | p.His256Asn | p.Gly216Asp | p.Trp283fs | p.Asn14fs | p.Trp283Ter | p.Met1Val | p.Leu81Pro | p.Arg149Ter
HMCN1,p.Gln5345Arg
HOGA1,p.Glu315del | p.Gly287Val | p.Arg97Cys | p.Arg70Pro | p.Cys257Gly
HPD,p.Tyr160Cys | p.Tyr258Ter | p.Tyr200Ter | p.Ile335Met | p.Thr33=
HPS3,p.Arg397Trp
HPS4,p.Gln631Ter | p.Lys699fs | p.Leu20fs | p.Gln181Ter | p.Ala317_Glu324dup | p.Arg217Ter | p.Glu138Ter | p.Glu222Ter
HPS5,p.Val676fs
HPS6,p.Leu572fs
HPSE2,p.Arg506Ter | p.Asn489fs | p.Leu81fs | p.Arg472Ter | p.Arg153Ter | p.Ala20fs
HSD17B3,p.Ser232Leu | p.Met235Val | p.Arg80Gln | p.Ala203Val | p.Arg80Trp | p.Ala56Thr | p.Asn130Ser | p.Cys268Tyr
HSD3B7,p.Leu347fs | p.Lys99fs | p.Glu147Lys | p.Gly17fs
HSPB8,p.Lys141Asn | p.Lys141Glu
HTRA2,p.Ala141Ser
HTRA2;LOXL3,p.Gly399Ser
HTT,
HYAL1,p.Glu268Lys | p.Val251fs
HYCC1,p.Leu53Pro
HYLS1;PUS3,
IFT122,p.Val502Gly | p.Ser322Phe | p.Trp7Cys
IFT80,p.His105Gln | p.Ala701Pro
IGF2BP2,
IL23R,p.Arg381Gln
IMPG2,p.Ser212Ter | p.Arg906Ter | p.Arg964Ter | p.Phe124Leu
INF2,p.Ser186Pro | p.Arg218Gln | p.Arg218Trp | p.Arg214His | p.Leu42Pro
INPP5E,p.Gln627Ter | p.Arg515Trp | p.Arg563His | p.Arg435Gln | p.Arg378Cys
IQCB1,p.Arg461Ter | p.Phe142fs | p.Leu149fs | p.Arg275fs | p.Gln357Ter
IRAK4,p.Leu274fs | p.Gln293Ter | p.Thr208fs
IRF5,
IRF6,p.Glu92Ter | p.Phe290_Asp296delinsLeu | p.Gln393Ter | p.Arg84Cys | p.Arg84His | p.Ala2Val | p.Arg6Cys | p.Trp379Ter | p.Arg400Trp | p.Arg45Gln | p.Pro396Ser | p.Arg339Ile
ISCU,p.Gly50Glu
ITCH,p.Ile132fs
ITGA2B,p.Ile874Ser | p.Arg584Ter | p.Gly273Asp | p.Arg358His | p.Val456_Asp457del | p.Glu355Lys | p.Ile596Thr | p.Leu214Pro | p.Ser957Leu | p.Gln626His
ITPKC,
IVD,p.Leu42Pro | p.Gly199Val | p.Leu49_Arg78del | p.Arg50Cys | p.Ala311Val
IYD,p.Arg101Trp | p.Phe105_Ile106delinsLeu | p.Ile116Thr | p.Ala220Thr
KANK1,
KCNJ18,p.Ile144fs | p.Thr354Met | p.Arg205His | p.Lys366Arg
KCNK9,p.Gly236Arg
KCNQ1,p.Ala178Pro | p.Gly189Arg | p.Gly306Arg | p.Thr312Ile | p.Arg190Gln | p.Val254Met | p.Leu273Phe | p.Ala341Glu | p.Ala341Val | p.Gly345Glu | p.Gly314Ser | p.Arg555Cys | p.Trp305Ser | p.Ala300Thr | p.68AAP[1] | p.Arg518Ter | p.Ala525Thr | p.Ala344= | p.Thr587Met | p.Gly589Asp | p.Pro117Leu | p.Arg583Cys | p.Ser140Gly | p.Gly269Ser | p.Gly269Asp | p.Val307Leu | p.Arg243Pro
KCNV2,p.Glu143Ter | p.Glu306Ter | p.Gly459Asp | p.Asp339_Val341del | p.Ser256Trp
KCTD7,p.Arg99Ter
KIF1B,p.Gln98Leu | p.Glu692Val | p.Thr873Ile | p.Pro1263Ser | p.Ser1527Asn
KIF21A,p.Arg954Trp | p.Arg954Gln | p.Ile1010Thr | p.Met356Thr | p.Met947Val | p.Met947Arg | p.Met947Ile
KIFBP,p.Arg90Ter | p.Glu84Ter
KIRREL3,p.Arg40Trp | p.Arg336Gln | p.Val731Phe
KLHDC8B,
KLHL7,p.Ser150Asn | p.Ala153Val | p.Ala153Thr
KNG1,p.Arg196Ter | p.Lys498fs | p.His406fs
KRT74,p.Asn148Lys
KRT75,p.Ala161Thr
KRT9,p.Arg163Trp | p.Gln172Pro | p.Asn161Tyr | p.Asn161Lys | p.Arg163Gln | p.Met157Val | p.Asn161Ser | p.Leu168Ser | p.Leu160Val | p.Met157Thr | p.Val171Met | p.Leu160Phe | p.Asn161Ile
L2HGDH,p.Pro302Leu | p.Met372fs | p.Gly55Asp | p.His98Arg
LAMTOR2,
LCA5,p.Pro384fs | p.Pro493fs | p.Gln279Ter
LCAT,p.Trp170Arg | p.Met317Ile | p.Arg164_Ala165insGly | p.Asn252Lys | p.Thr147Ile | p.His35fs | p.Pro34Leu | p.Thr371Met | p.Met276Lys | p.Leu233Pro | p.Ala117Thr | p.Arg159Trp | p.Gln400fs | p.Thr345Met | p.Tyr107Ter | p.Leu325del | p.Asn155Asp
LDB3,p.Ala147Thr | p.Ala165Val | p.Arg268Cys | p.Ile345Met | p.Ser189Leu | p.Thr206Ile | p.Asp117Asn | p.Lys128Met | p.Asp673Asn
LDLR,p.Gln33Ter | p.Trp87Gly | p.Ser177Leu | p.Gly565Val | p.Cys667Tyr | p.Asp227Glu | p.Glu228Lys | p.Asp304Asn | p.Val429Met | p.Ala431Thr | p.Val523Met | p.Gly546Asp | p.Gly549Asp | p.Cys681Ter | p.Pro685Leu | p.Trp813Ter | p.Tyr828Cys | p.Asn817fs | p.Asp224Asn | p.Asp175Asn | p.Tyr188Ter | p.Pro309fs | p.Cys231Ter | p.Asp227fs | p.Asp433His | p.Asp227_Glu228insCysLysAspLysSerAsp | p.Gly844Asp | p.Leu401His | p.Asn564His | p.Cys184Tyr | p.Cys261Phe | p.Trp44Ter | p.Cys46Ser | p.Cys109Ser | p.Arg406= | p.Gly207=
LDLRAP1,p.Trp22Ter | p.Ala145fs | p.Gln136Ter | p.Ser202Tyr | p.Gly26fs | p.Ser202fs
LEMD3,p.Gln153Ter | p.Gly345fs | p.Cys346fs | p.Arg537Ter | p.Ala719fs | p.Trp855Ter | p.Arg655Ter
LHFPL5,p.Pro83_Leu84insTer | p.Tyr127Cys | p.Thr165Met
LIPA,p.Leu200Pro | p.Gly266Ter | p.Ala199fs | p.Tyr43Ter
LIPH,p.Ile116fs | p.Ile220fs | p.Trp108Arg | p.Lys123_Thr124insGlyLeuLeuSerValGluAspMetAsnValValValValAspTrpAsnArgGlyAlaThrThrLeuIleTyrThrHisAlaSerSerLys
LIPI,p.Cys55Tyr
LMBR1,
LMBR1;ZRS,
LMBRD1,p.Thr172fs | p.Thr135fs
LMF1,p.Tyr439Ter
LOXHD1,p.Arg670Ter
LPAR6,p.Gln155Ter | p.Ile188Phe | p.Gly146Arg | p.Glu189Lys
LPIN1,p.Glu215Ter | p.Arg424Ter | p.Arg837Ter
LPIN2,p.Ser734Leu | p.Thr180_Cys181insTer
LPL,p.Ala203Thr | p.Gly215Glu | p.Gln133Ter | p.Ser271Thr | p.Pro234Leu | p.Asp231Glu | p.Ile221Thr | p.Arg270His | p.Tyr100Ter | p.Gly169Glu | p.Asp183Gly | p.Ser474Ter | p.Tyr88Ter | p.Trp409Ter | p.Ala248fs | p.Asp277Asn | p.Trp113Arg | p.Trp91Ter | p.Ala361Thr | p.Ser199Cys | p.Arg102Ser | p.Gly222Glu | p.Asp207Glu | p.Arg270Cys | p.Asn318Ser | p.Leu392Val | p.Asp36Asn | p.Cys445Tyr | p.Ile252Thr | p.Tyr329Ter | p.Cys266Trp
LPO;MPO,p.Met251Thr
LRPPRC,p.Ala354Val
LRRK2,p.Arg1441Gly | p.Tyr1699Cys | p.Arg1441Cys | p.Ile1122Val | p.Gly2019Ser | p.Ile2020Thr | p.Arg1441His | p.Gly2385Arg
LRTOMT,p.Arg81Gln | p.Trp105Arg | p.Glu110Lys | p.Tyr111Ter
LYST,p.Glu489fs | p.Arg1104Ter | p.Ala40fs | p.Ala635fs | p.Tyr3197fs | p.Arg50Ter | p.Gln1029Ter | p.Tyr875fs | p.Arg1563His | p.Val1999Asp
LZTS1,p.Ser29Pro | p.Lys119Glu
MAN2B1,p.His72Leu | p.Arg760Ter | p.Gln639Ter | p.Arg750Trp | p.Pro356Arg
MANBA,p.Asp191_Trp192insTer | p.Ser505Pro | p.Arg125= | p.Glu83Ter | p.Gln426Ter | p.Tyr485fs
MARVELD2,p.Arg500Ter
MASTL,p.Glu167Asp
MAT1A,p.Ile322Met | p.Ala55Asp | p.Pro357Leu | p.Leu305Pro | p.Ala276fs | p.Val348fs | p.Arg264His | p.Arg264Cys | p.Gly336Arg
MBD5,
MC2R,p.Ser74Ile | p.Arg201Ter | p.Ser120Arg | p.Arg128Cys | p.Asp107Asn | p.Ala218fs | p.Cys251Phe | p.Arg137Trp | p.Tyr254Cys
MCCC1,p.Met325Arg | p.Arg385Ser | p.Asp532His | p.Leu437Pro | p.Ser535Phe | p.Thr693_Val694insTer | p.Ile460Met
MCCC2,p.Ser173fs | p.Glu99Gln | p.Arg155Gln | p.Pro310Arg | p.Cys167Arg | p.Arg268Thr | p.Ile437Val | p.His190Arg | p.Asp280Tyr
MCEE,p.Arg47Ter
MCFD2,p.Gln35fs | p.Asp83fs | p.Asp89fs | p.Asp129Glu | p.Ile136Thr | p.Asp81Tyr
MCPH1,p.Ser25Ter | p.Thr143fs
MED13L,p.Glu251Gly | p.Arg1872His | p.Asp2023Gly
MED25,p.Ala335Val
MEFV,p.Met694Val | p.Met694Ile | p.Val726Ala | p.Glu148Gln | p.Glu167Asp | p.Thr267Ile | p.Phe479Leu | p.Lys695Arg | p.Ala744Ser | p.Arg761His | p.Met680Ile | p.Pro369Ser | p.Arg408Gln | p.Arg653His | p.Glu148Val | p.Met694del | p.His478Tyr
MFN2,p.Arg94Gln | p.Trp740Ser | p.Leu76Pro | p.Arg280His | p.Pro251Ala | p.Val69Phe | p.Lys357Asn | p.His165Asp | p.Arg94Trp | p.Gln276Arg | p.Arg364Trp | p.Thr206Ile | p.Arg707Trp | p.Arg104Trp | p.Arg468His
MFRP,p.His384fs | p.Gln175Ter | p.Asn167fs | p.Ile182Thr
MFSD8,p.Gly310Asp | p.Gly429Asp | p.Tyr298Ter | p.Tyr121Cys | p.Pro412Leu | p.Thr294Lys | p.Ala157Pro
MIAT,
MINPP1,p.Ser41Leu | p.Gln270Arg
MIR103A2;MIR103B2;PANK2,p.Thr418Met
MIR2861,
MIR96,
MKS1,p.Asp19fs | p.Glu139= | p.Cys492Trp | p.Phe371del
MLC1,p.Ser280Leu | p.Ser93Leu | p.Asn141Lys | p.Asn141Ser | p.Pro92Ser | p.Ser197_Tyr198insTer | p.Gly59Glu | p.Cys46fs
MLPH,p.Arg35Trp
MLYCD,p.Ser187Ter | p.Phe355fs | p.Gly3Asp | p.Met40Thr | p.Gln31fs
MMAA,p.Asp87delinsGluTer | p.Gln95Ter | p.Tyr207Cys | p.Arg145Ter
MMAB,p.Arg186Trp | p.Ala192fs
MMACHC,p.Arg91fs | p.Leu116Pro | p.Arg132Ter | p.Arg111Ter | p.Arg161Gln
MMADHC,p.Leu259Pro | p.Thr182Asn | p.Tyr249Cys | p.Cys19_Ser20insTer | p.Arg54Ter | p.Leu103_Ser108dup | p.Arg250Ter | p.Tyr140Ter
MMUT,p.Gln18Ter | p.Trp105Arg | p.Ala377Glu | p.Arg93His | p.Gly717Val | p.Glu117Ter | p.Thr230fs | p.Gly623Arg | p.Gly703Arg | p.Asn219Tyr | p.Arg108Cys | p.Gly215Ser | p.Arg603Lys
MPLKIP,p.Met144Val | p.Gly46fs | p.Ser93fs | p.His50fs
MPO,p.Arg569Trp | p.Tyr173Cys | p.Met519fs | p.Ala332Val | p.Leu572Trp | p.Gly501Ser | p.Arg499Cys
MRAP,p.Met1Ile | p.Trp43_Val44insTer | p.Asn6fs
MRPS16,p.Arg111Ter
MRPS22,p.Arg170His
MSH2,p.Pro622Leu | p.Arg406Ter | p.His639Tyr | p.Asn596del | p.Gln601Ter | p.Arg524Pro | p.Val705fs | p.Tyr98fs | p.Gly322Asp | p.Ala636Pro | p.Met152fs
MTHFR,p.Arg183Ter | p.Arg157Gln | p.Ala222Val | p.Glu429Ala | p.Asn324Ser | p.Trp339Gly | p.Met581Ile | p.Arg377Cys | p.Leu323Pro
MTMR14,p.Arg336Gln | p.Tyr462Cys
MTRFR,p.Val83fs | p.Gly72fs
MYH14,p.Ser7Ter | p.Leu1017Phe | p.Arg767Ser | p.Gly384Cys | p.Ser120Leu
MYLK2,p.Ala87Val | p.Ala95Glu
MYO3A,p.Tyr1043Ter
MYO5B,p.Cys454_Ile455insSerSerVal | p.Val108Gly | p.Trp375Ter | p.Arg656Cys | p.Pro660Leu
NAGLU,p.Arg674His | p.Arg626Ter | p.Arg297Ter | p.Arg643His | p.Ser169fs | p.Arg643Cys | p.Pro521Leu | p.Arg565Trp | p.Arg565Pro | p.Phe48Leu | p.Phe314Leu | p.Arg482Trp | p.Arg234Cys
NAGS,p.Arg342fs | p.Trp324Ter | p.Thr439fs | p.Ala279Thr | p.Leu430Pro | p.Trp484Arg | p.Glu433Asp
NAT2,p.Arg197Gln | p.Ile114Thr | p.Arg268= | p.Gly286Glu | p.Arg64Gln
NCF1,p.Tyr26fs | p.Glu168fs | p.Arg42Gln | p.Val271fs | p.Gln91Ter | p.Cys111Ter | p.Gly192Ser
NCF2,p.Lys134fs | p.Asp160Val | p.Arg102Ter | p.Lys391fs | p.Gln100Ter | p.Lys19_Asp21del | p.Ala128Val | p.Arg77Gln | p.Arg395Trp
NCR3,
NDUFA13,p.Lys5Asn
NDUFAF2,p.Arg47Ter | p.Ile35fs
NDUFAF3,p.Gly77Arg | p.Arg122Pro | p.Met1Thr
NDUFAF4,p.Leu65Pro
NDUFAF5,p.Leu229Pro | p.Leu159Phe
NDUFAF6,p.Gln99Arg
NECTIN4,p.Arg284Gln | p.Thr185Met | p.Pro304fs
NEK8,p.His425Tyr
NEU1,p.Glu377Ter | p.Leu91Arg | p.Ser403fs | p.Phe260Tyr | p.Leu363Pro | p.Glu209fs | p.Val217Met | p.Gly243Arg | p.Trp29Ter | p.Pro80Leu | p.Trp240Arg | p.Pro316Ser | p.Arg225Pro | p.Ala298Val | p.Trp23Ter
NEXN,p.Tyr652Cys | p.Pro611Thr
NF1,p.Ala1729fs | p.Leu1953Pro | p.Arg1970Ter | p.Lys1444Glu | p.Ser1838fs | p.Lys1844fs | p.Leu2164Met | p.Tyr2192Asn | p.Arg1968Ter | p.Arg1362Ter | p.Gln514fs | p.Met1035Arg | p.Arg1412Ser | p.Tyr2702Ter | p.Trp1559Ter | p.Arg1276Pro | p.Tyr489Cys | p.Leu508Pro | p.Gln1341Ter | p.Leu2088Pro | p.Arg1241Ter | p.Met992del | p.Glu1459del | p.His1366fs | p.Leu316Met | p.Ser1262fs | p.Leu357Pro | p.Leu1243Pro | p.Glu1925Ter | p.Leu844Arg
NF2,p.Leu360Pro | p.Lys332fs | p.Arg57Ter | p.Leu535Pro | p.Gln538Pro | p.Phe96del | p.Glu182Ter | p.Arg262Ter | p.Gln320Ter | p.Arg341Ter | p.Gln407Ter | p.Glu463Ter | p.Arg466Ter | p.Glu527Ter | p.Phe62Ser | p.Gly43fs | p.Lys69fs
NHEJ1,p.Arg57Gly | p.Cys123Arg | p.Arg178Ter | p.Glu5fs
NHLRC1,p.Cys26Ser | p.Pro69Ala | p.Gly158fs | p.Gly331fs | p.Arg265Ter | p.Ile198Asn | p.Asp308Ala
NHP2,p.Tyr139His | p.Val126Met | p.Ter154Arg
NIPA1,p.Thr45Arg | p.Gly106Arg
NIPAL4,p.Arg83Ter | p.Ala114Asp
NIPBL,p.Met1Lys | p.Tyr2430Cys | p.Asn51fs | p.Ala2436fs | p.Ala517fs | p.Ile1206del | p.Arg1723Ter | p.Ala1246Gly | p.Arg1536Ter
NKX2-6,p.Phe151Leu
NLRP1,p.Leu155His
NLRP12,p.Arg284Ter
NLRP3,p.Ala439Val | p.Val198Met | p.Glu627Gly | p.Ala352Val | p.Arg260Ter | p.Gly569Arg | p.Phe573Ser | p.Asp303Asn | p.Phe309Ser | p.Leu353Pro
NLRP7,p.Arg693Trp | p.Arg693Pro | p.Asn913Ser | p.Arg432Ter | p.Arg693Gln | p.Leu398Arg | p.Pro651Ser
NME8,p.Leu426Ter
NOBOX,p.Arg355His
NOD2,p.Leu1007fs | p.Gly881Arg | p.Arg675Trp | p.Arg307Gln | p.Leu442Phe | p.Arg307Trp | p.His469Leu | p.Asp355Glu | p.Ala585Thr | p.Glu356Lys
NOP10,p.Arg34Trp
NPC1,p.Gln928Pro | p.Thr1036Met | p.Asn1156Ser | p.Gly992Trp | p.Val889Met | p.Tyr1088Cys | p.Leu1213Phe | p.Pro1007Ala | p.Ile1061Thr | p.Arg958Gln | p.Gly992Arg | p.Val378Ala | p.Val950Met | p.Ala1035Val | p.Cys177Tyr | p.Arg978Cys | p.Phe1221fs | p.Cys113Arg | p.Leu1204fs
NPC1L1,p.Val55Leu | p.Ile1206Asn
NPHP1,p.Leu27Ter | p.Gly287Arg
NPHP3,p.Gly1275del | p.Ser360Thr | p.Glu461Ter | p.Arg577Ter | p.Arg973Gln | p.Gln1114Ter | p.Arg702Ter
NPHP4,p.Glu790Ter | p.Gln793Ter | p.Arg682Ter | p.Phe991Ser | p.Val1091fs | p.Gln779Ter | p.Arg658Ter
NPSR1,p.Asn107Ile
NSD1,p.Ser437Ter | p.Glu1179fs | p.Thr2000fs | p.His2143Gln | p.Cys2183Ser | p.Lys2151fs | p.Ser299fs | p.Arg1320Ter | p.Arg1660fs | p.Gln2656fs | p.Cys2202Tyr
NSMF,p.Thr480Ala
NT5C3A,p.Asp132Val | p.Gln211Ter | p.Val283fs | p.Tyr215Ter | p.Ala163fs | p.Asn224Ser | p.Asp227fs | p.Gly275Arg
NUBPL,p.Gly56Arg
NUP62,p.Gln391Pro
OAT,p.Met1Ile | p.His53fs | p.Ala184del | p.Arg396Ter | p.Tyr55His | p.Cys93Phe | p.Arg154Leu | p.Arg180Thr | p.Ala270Pro | p.Arg271Lys | p.Leu402Pro | p.Pro417Leu | p.Leu437Phe | p.Gly375Ala | p.Tyr245Cys | p.Asn378= | p.Val332Met | p.Asn54Lys | p.His319Tyr | p.Ala184Thr | p.Pro241Leu | p.Arg250Pro | p.Gly353Asp | p.Trp391Ter | p.Cys394Arg | p.Gly401Ter | p.Tyr209Ter | p.Tyr299Ter | p.Arg426Ter | p.Gly65fs | p.Trp178Ter | p.Trp275Ter | p.Ala226Val | p.Gln90Glu | p.Pro199Gln
OBSL1,p.Cys383Ter | p.Arg419fs | p.Arg489Ter
OCA2,p.Ala481Thr | p.Val443Ile | p.Pro743Leu | p.Ala654fs | p.Ala334Val | p.Trp679Cys | p.Asn489Asp | p.Arg305Trp | p.Arg419Gln | p.Met394Ile
OPA3,p.Gly93Ser | p.Gln105Glu | p.Gln108_Glu113del
OPN1SW,
ORAI1,p.Arg91Trp
OSTM1,p.Cys12Ter
OTOA,
P3H1,p.Tyr250fs | p.Tyr552Ter | p.Glu455fs | p.Arg368Ter
PAH,p.Arg408Trp | p.Leu311Pro | p.Trp326Ter | p.Glu280Lys | p.Arg111Ter | p.Arg261Gln | p.Ser87Arg | p.Arg252Trp | p.Met1Val | p.Arg158Gln | p.Arg243Ter | p.Pro281Leu | p.Tyr204Cys | p.Arg243Gln | p.Arg413Pro | p.Tyr414Cys | p.Tyr356Ter | p.Gly272Ter | p.Leu365del | p.Ser273Phe | p.Leu255Ser | p.Val399= | p.Ala259Val | p.Tyr277Asp | p.Ile95del | p.Phe39Leu | p.Leu48Ser | p.Glu221Gly | p.Arg261Ter | p.Phe55fs | p.Arg408Gln | p.Phe299Cys | p.Ser349Pro | p.Ala322Gly | p.Asp415Asn | p.Ile306Val | p.Val388Met | p.Leu365_Leu369del | p.Pro244Leu | p.Met1Ile | p.Leu333Phe | p.Glu390Gly | p.Ser359Ter | p.Leu98Ser | p.Thr380Met | p.Gly46Ser | p.Ala47Val | p.Arg176Leu | p.Val245Ala | p.Tyr377fs | p.Pro407Leu | p.Ile65Thr | p.Ile306Leufs | p.Glu76Gly
PALB2,p.Tyr551Ter | p.Tyr1183Ter | p.Gln988Ter
PALLD,
PANK2,p.Phe201fs | p.Gly411Arg | p.Tyr80Ter | p.Arg154Trp | p.Arg176Cys | p.Ser361Asn | p.Ser241Pro | p.Thr124Ala | p.Arg168Cys | p.Arg371Ter | p.Met327Thr | p.Arg371_Glu372delinsGln | p.Ser68Ter
PAX3,p.Met62_Ile67del | p.Pro50Leu | p.Tyr90fs | p.Arg97fs | p.His186fs | p.Gly81Ala | p.Lys122fs | p.Ser84Phe | p.Asn47Lys | p.Asn47His | p.Phe129fs | p.Tyr90His | p.Arg56Leu
PAX6,p.Ser297fs | p.Gln150Ter | p.Ser367Ter | p.Arg26Gly | p.Arg117Ter | p.Gly409Arg | p.Arg217Ter | p.Arg254Ter | p.Arg142Cys | p.Val140Asp | p.Gly78Val | p.Val54Asp | p.Ter437Leu | p.Pro82Ser | p.Gln219Ter | p.Phe272Ser | p.Thr405Ala | p.Arg256Thr | p.Ser133Arg | p.Trp271Ter
PC,p.Ala610Thr | p.Met743Ile | p.Val145Ala | p.Arg451Cys | p.Arg156Gln | p.Arg583Leu | p.Glu961fs
PCARE,p.Trp253Ter | p.Ile201Phe | p.Asn316fs | p.Gln186Ter | p.Lys919fs
PCDH15,p.Arg3Ter | p.Leu363fs | p.Arg245Ter | p.Gly262Asp | p.Arg134Gly | p.Ser647Ter
PCNT,p.Glu220Ter | p.Ala630fs | p.Cys1190fs | p.Arg1923Ter | p.Glu282fs | p.Glu1037Ter | p.Arg2918Ter
PCSK9,p.Ser127Arg | p.Phe216Leu | p.Asp374Tyr | p.Tyr142Ter | p.Cys679Ter | p.Arg46Leu | p.Arg97del
PDCD10,p.Gln129Ter
PDHX,p.Asp322fs | p.Lys30fs | p.Pro207fs | p.Gln248Ter
PDP1,p.Leu284del | p.Glu93Ter
PDSS1,p.Asp308Glu
PDSS2,p.Gln322Ter | p.Ser382Leu
PEPD,p.Asp276Asn | p.Gly385_Gly448del | p.Arg184Gln | p.Gly278Asp | p.Gly448Arg | p.Glu453del | p.Arg265Ter | p.Glu412Lys | p.Glu208_Val209insGlyProProTer | p.Ser202Phe
PEX26,p.Arg98Trp | p.Gly89Arg | p.Leu12fs | p.Met1Thr | p.Leu45Pro | p.Cys86fs
PFKM,p.Arg39Pro | p.Asp543Ala | p.Arg39Leu | p.Arg95Ter | p.Trp686Cys
PGAM2,p.Trp78Ter | p.Glu89Ala | p.Arg90Trp | p.Gly97Asp
PHGDH,p.Val490Met | p.Val425Met | p.Ile239fs | p.Arg135Trp | p.Gly377Ser | p.Val261Met
PIGM,
PIGV,p.Ala341Glu | p.His385Pro | p.Gln256Lys | p.Ala341Val
PIKFYVE,p.Lys1103Arg | p.Gln988Ter
PINK1,p.Gly309Asp | p.His271Gln | p.Trp437Ter | p.Arg246Ter | p.Leu347Pro | p.Asp525fs | p.Gln534dup | p.Arg279His | p.Thr313Met | p.Ala217Asp | p.Gln456Ter | p.Tyr431His | p.Pro399Leu
PIP5K1C,p.Asp253Asn
PITPNM3,p.Gln626His
PJVK,p.Arg183Trp | p.Thr54Ile | p.Lys41fs | p.Arg167Ter | p.Phe242fs | p.Val330fs
PKHD1,p.Thr36Met | p.Ser1664Phe | p.Ser3018Phe | p.Val1741Met | p.Arg2671Ter | p.Ile3553Thr | p.Arg496Ter | p.Val3471Gly
PKLR,p.Arg163Cys | p.Thr384Met | p.Gln421Lys | p.Arg479His | p.Arg510Gln | p.Gly37Glu | p.Arg486Trp | p.Ser130Tyr | p.Glu440Ter | p.Ala423=
PLCE1,p.Ser383fs | p.Arg493Ter | p.Arg1116Ter | p.Leu1283fs | p.Gln1616Ter | p.Gln1854Ter | p.Ser1484Leu
PLEKHG4,
PLEKHG5,p.Phe647Ser
PLEKHM1,
PNKD,p.Ala9Val | p.Ala7Val | p.Ala33Pro
PNKP,p.Glu326Lys | p.Thr424fs | p.Leu176Phe
PNPLA2,p.His270fs | p.Pro195Leu | p.Gln283fs | p.Gln289Ter
POMGNT1,p.Ser550Asn | p.His573fs | p.Pro493Arg | p.Arg442Cys | p.Arg311Gln | p.Arg63Ter | p.Leu611fs | p.Trp475Ter | p.Asp556Asn | p.Arg605Pro | p.Cys490Tyr
POMP,
POMT1,p.Gly76Arg | p.Gln281Ter | p.Ala682fs | p.Leu399del | p.Trp560Cys | p.Ala200Pro | p.Gly65Arg | p.Arg492Ter | p.Gln568His | p.Ala647Thr | p.Ser705fs | p.Met140del | p.Asp701fs
POMT2,p.Arg638Ter | p.Arg421fs | p.Tyr666Cys | p.Gly726Glu | p.Trp647Ter | p.Trp748Arg | p.Arg413Pro | p.Val373Phe | p.Ile198Asn | p.Gly246Asp | p.Thr184Met | p.Trp748Ser | p.Gly353Ser | p.Gly482Val
POU6F2,p.Gln220His | p.Ser21Ter
PPARGC1B,p.Ala203Pro
PRCD,p.Cys2Tyr
PRICKLE1,p.Arg104Gln
PRKCH,p.Val374Ile
PROC,p.Arg348Ter | p.Trp444Cys | p.Arg211Trp | p.Ala301Val | p.Pro210Leu | p.Ala309Thr | p.Gly343Ser | p.Glu62Ala | p.Val76Met | p.Gly334Ser | p.Pro289Leu | p.Arg220Trp | p.Arg220Gln | p.Gly423fs | p.Arg272Cys | p.Arg185fs | p.Gln226His | p.Leu265Phe | p.Ile445Met | p.Val339Met | p.His149Pro | p.Ser312Leu
PRODH,p.Arg453Cys | p.Leu289Met | p.Leu441Pro | p.Ala455Ser | p.Arg521= | p.Arg431His | p.Arg521Gly | p.Thr466Met
PROK2,p.Gly32Arg | p.Ser54_Ile55insTer | p.Arg73Cys
PROKR2,p.Leu173Arg | p.Gln210Arg | p.Arg85His | p.His20fs | p.Met323Ile
PRPF3,p.Thr494Met | p.Pro493Ser | p.Ala489Asp
PRPF31,p.Arg372fs | p.Ala216Pro | p.Ala194Glu | p.Met193_Ala194insGluLeuGluArgLeuGluGluAlaCysAspMet | p.Thr258fs | p.His111_Ile114del
PRPF8,p.His2309Arg | p.His2309Pro | p.Arg2310Lys | p.Pro2301Thr | p.Phe2304Leu
PRSS12,p.Asp452fs
PRX,p.Arg953Ter | p.Arg368Ter | p.Arg196Ter | p.Cys715Ter | p.Arg1070Ter
PSAT1,p.Gly36fs | p.Asp100Ala
PSTPIP1,p.Glu250Gln | p.Ala230Thr
PTF1A,p.Arg296Ter | p.Pro236fs
PTS,p.Arg25Gln | p.Arg16Cys | p.Val121fs | p.Asn52Ser | p.Pro87Ser | p.Val56Met | p.Asn47Asp | p.Asp116Gly | p.Asp96Asn
PUS1,p.Arg144Trp | p.Glu220Ter
PYGM,p.Arg50Ter | p.Gly205Ser | p.Lys543Thr | p.Glu655Lys | p.Gln666Glu | p.Leu396Pro | p.Gly686Arg | p.Arg576Ter | p.Lys575fs | p.Met1Val | p.Glu541Ter | p.Trp798Arg | p.Lys609= | p.Tyr574Ter
QDPR,p.Thr123dup | p.Gly23Asp | p.Trp108Gly | p.Trp36Arg | p.Tyr150Cys | p.Trp90Ter
RAB23,p.Leu145Ter | p.Glu137Ter
RAB3GAP2,p.Gly1052Cys
RAI1,p.Arg1756fs | p.Glu484fs | p.Val925fs | p.Ser1808Asn | p.Gln1562Arg | p.Thr1268fs | p.Leu85fs
RARS2,
RAX2,p.Arg87Gln | p.Gly137Arg | p.138PG[3]
RB1CC1,
RBM20,p.Pro638Leu | p.Arg634Gln | p.Arg636Ser | p.Arg636His | p.Ser637Gly
RBM28,p.Leu351Pro
RDH12,p.Tyr226Cys | p.Ala269fs | p.Gln189Ter | p.Thr49Met | p.Arg62Ter | p.Gly127Ter | p.His151Asn | p.Pro230Ala | p.His151Asp | p.Leu99Ile | p.Ser175Pro | p.Ile51Asn | p.Thr155Ile | p.Ala126Val
REEP1,p.Pro171fs | p.Ser279= | p.Ala20Glu | p.Arg113Ter
RETN,
RETREG1,p.Ser309Ter | p.Gln145Ter
RFT1,p.Arg67Cys
RFX6,p.Ser217Pro | p.Arg181Gln
RGS9BP,p.Arg65fs
RIMS1,p.Arg820His
RIN2,p.Ile578fs
RNASEH2A,p.Gly37Ser
RNASEH2B,p.Ala177Thr | p.Val185Gly
RNASEH2C,p.Arg69Trp | p.Lys143Ile
RNASET2,p.Cys184Arg | p.Ala17_Leu21del | p.Gln189=
RNF135,p.Gln243Ter | p.Leu248fs | p.Val339fs | p.Arg286His
RNF168,p.Ala133fs | p.Gln442fs
RNF212,
ROBO3,p.Gly361Glu | p.Glu1109fs | p.Arg703Pro | p.Ser705Pro | p.Gly456Ter | p.Glu319Lys | p.Gln773fs | p.Leu5Pro | p.Ile66Leu | p.Thr615fs | p.Val629fs | p.Arg245Trp | p.Gln773Ter
RP1L1,p.Arg45Trp | p.Trp960Arg
RP9,p.His137Leu | p.Asp170Gly
RPGRIP1,p.Trp65Ter | p.Arg827Leu | p.Ala547Ser | p.Asp1114Gly
RPGRIP1L,p.Lys233Ter | p.Thr615Pro | p.Gln253Ter | p.Ala695Pro | p.Arg132Ter | p.Gln345Ter | p.Gln872Ter | p.Gln684Ter | p.Thr757fs | p.Ala229Thr | p.Arg805Ter | p.Ser659Pro
RSPH4A,p.Gln154Ter | p.Gln109Ter | p.Arg490Ter
RSPO1,p.Ser37Glufs*9
RSPO4,p.Gln65Arg | p.Cys107Arg | p.Cys118Tyr | p.Cys73Tyr | p.Asn34fs
RTN4R,p.Arg119Trp | p.Arg196His
RXFP2,p.Thr222Pro
SALL4,p.Gln652Ter | p.Ala352fs | p.Leu315fs | p.Phe635fs | p.Arg865Ter | p.Ala809fs | p.Pro109fs | p.Lys175Ter | p.Arg617Ter | p.Arg905Ter | p.His888Arg | p.Gln869fs
SAMD9,p.Lys1495Glu
SAMHD1,p.Gly209Ser | p.Arg145Ter | p.Arg164Ter | p.Gln149Ter | p.Gln548Ter | p.His123Pro | p.Met254Val
SAR1B,p.Gly37Arg | p.Asp137Asn | p.Thr25_Gly26insTer | p.Ser179Arg | p.Gly187fs | p.Glu122Ter | p.Gly185Val
SART3,p.Val591Met
SATB2,p.Arg239Ter
SBDS,p.Lys62Ter | p.Asn8Lys | p.Asn34fs
SBF2,p.Gln959Ter | p.Arg1196Ter | p.Arg487Ter
SCGB3A2,
SCN3B,p.Leu10Pro
SCN4B,p.Leu179Phe
SDCCAG8,p.Glu474fs | p.Glu447fs | p.Cys649fs | p.Lys227Ter
SDHAF1,p.Gly57Arg | p.Arg55Pro
SDHAF2,p.Gly78Arg
SEC23A,p.Phe382Leu
SEC23B,p.Glu109Lys | p.Arg14Trp | p.Arg530Trp | p.Arg264Ter | p.Arg324Ter | p.Arg217Ter
SEC63,p.Trp58Ter | p.Ala148fs
SECISBP2,p.Arg540Gln | p.Lys438Ter
SELENON,p.Gly273Glu | p.Sec462= | p.Met1Val | p.Arg466Gln | p.Trp453Ser | p.Asn238fs | p.Gly315Ser
SEMA3E,p.Ser703Leu
SEMA4A,p.Asp345His | p.Phe350Cys | p.Arg713Gln
SERPINF2,p.Met480fs | p.Glu176del | p.Val411Met
SERPING1,p.Ala458Thr | p.Arg466His | p.Arg466Cys | p.Arg466Ser | p.Tyr423Ter | p.Ser422fs | p.Leu436fs | p.Val454Glu | p.Gly453delinsValTrp | p.Ala465Val | p.Tyr199Ter
SETBP1,p.Ile871Thr | p.Asp868Asn | p.Asp868Ala | p.Gly870Asp | p.Gly870Ser
SETX,p.Arg1363Ter | p.Gln868Ter | p.Pro2213Leu | p.Arg989fs | p.Arg332Trp | p.Leu389Ser | p.Thr3Ile | p.Arg2136His | p.Leu1976Arg | p.Asn603Asp | p.Leu1977Phe | p.Glu343Ter | p.Leu115del
SGCG,p.Pro268fs | p.Cys283Tyr | p.Gly30fs | p.Glu263Lys
SH3PXD2B,p.Asp50Ter | p.Arg324fs | p.Arg43Trp
SH3TC2,p.Arg529His | p.Arg583fs | p.Tyr943Ter | p.Arg954Ter | p.Arg1109Ter | p.Tyr169His
SI,p.Gln1098Pro | p.Leu341Pro | p.Gln117Arg | p.Leu620Pro | p.Cys1229Tyr | p.Phe1745Cys | p.Val577Gly | p.Gly1073Asp
SIAE,p.Thr312Met | p.Cys196Phe | p.Met89Val | p.Phe404Ser
SIL1,p.Asp170fs | p.Arg111Ter | p.Gln438Ter | p.Leu457Pro | p.Leu313fs | p.Glu201fs
SIX6,p.Thr165Ala
SLC16A12,p.Gln245Ter
SLC17A8,p.Ala211Val
SLC19A3,p.Gly23Val | p.Thr422Ala | p.Lys44Glu | p.Glu320Gln
SLC22A12,p.Trp258Ter | p.Thr217Met | p.Glu298Asp | p.Leu418Arg | p.Arg90His | p.Gly361Val
SLC24A4,
SLC24A5,p.Thr111=
SLC25A19,p.Gly177Ala
SLC25A22,p.Pro206Leu | p.Gly236Trp
SLC25A38,p.Arg117Ter | p.Tyr109fs | p.Arg187Pro | p.Lys264Ter
SLC26A2,p.Lys575fs | p.Leu131fs | p.Arg279Trp | p.Gly255Glu | p.Ala715Val | p.Arg178Ter | p.Asn425Asp | p.Gly678Val | p.Gln454Pro | p.Cys653Ser | p.Thr512Lys | p.Ala133Val
SLC26A4,p.Phe667Cys | p.Val306fs | p.Gly497Ser | p.Leu236Pro | p.Thr416Pro | p.Glu384Gly | p.Gly209Val | p.Lys369Glu | p.Ala372Val | p.His723Arg | p.Thr721Met | p.Leu445Trp | p.Thr193Ile | p.Tyr728Ter | p.Ser133Thr | p.Val138Phe | p.Tyr530His | p.Glu29Gln | p.Gln514Lys | p.Phe335Leu
SLC29A3,p.Gly427Ser | p.Glu444Ter | p.Gly437Arg | p.Leu349fs | p.Tyr314fs | p.Met116Arg | p.Thr449Arg
SLC2A10,p.Trp170Ter | p.Val321fs | p.Gly445fs | p.Ser81Arg | p.Gly426Trp | p.Arg132Trp
SLC2A9,p.Arg380Trp | p.Arg198Cys | p.Pro412Arg
SLC30A8,p.Arg325Trp
SLC34A3,p.Pro303fs | p.Arg353Leu | p.Ala413Glu | p.Pro282= | p.Cys77fs | p.Gly196Arg | p.Arg468Trp | p.Gln252=
SLC35A1,
SLC35C1,p.Arg147Cys | p.Thr308Arg
SLC35D1,p.Lys42fs | p.Trp311Ter | p.Arg107Ter | p.Thr65Pro
SLC36A2,p.Gly87Val
SLC39A13,p.Phe162_Ala164del | p.Gly74Asp
SLC39A4,p.Gly409fs | p.Ser324fs | p.Pro200Leu | p.Gly526Arg | p.Gly374Arg | p.Asn106Lys | p.Gly330Asp | p.Thr357_His358insAlaArgSerLeuAlaSerCysCysTer | p.Arg95Cys | p.Gln303His
SLC45A2,p.Leu361Pro | p.Thr329fs | p.Phe221del | p.Ala486Val | p.Asp157Asn | p.Glu272Lys | p.Leu374= | p.Leu374fs
SLC46A1,p.Gly65fs | p.Arg113Ser | p.Ser318Arg | p.Arg376Trp | p.Arg113Cys
SLC4A11,p.Arg739Gln | p.Ser473Leu | p.Gly448Asp | p.Arg589Ter | p.Lys102fs | p.Arg853Cys | p.Arg853His | p.Arg142fs | p.Tyr444_Ala445delinsThr | p.Arg472Lys | p.Met840Val | p.Leu827Pro | p.Ser197Pro | p.Gly693Glu | p.Thr738Met | p.Pro18fs | p.Glu383Lys
SLC52A3,p.Leu442fs | p.Glu71Ter | p.Arg132Trp | p.Phe224Leu | p.Glu36Lys | p.Val413Ala | p.Pro28Thr
SLC6A19,p.Val295fs | p.Asp173Asn | p.Arg240Ter
SLC6A20,p.Thr199Met
SLC9A9,p.Arg423Ter
SLITRK1,p.Leu422fs
SLURP1,p.Cys28fs | p.Arg96Ter | p.Gly86Arg | p.Met1Leu | p.Trp15Arg | p.Cys77Arg | p.Cys99Tyr
SMARCAL1,p.Glu848Ter | p.Arg17Ter | p.Gln34Ter | p.Ile548Asn | p.Arg645Cys | p.Arg586Trp | p.Arg764Gln
SMC3,p.Glu488del
SMPD1,p.Gly579Ser | p.Ser438Arg | p.Leu263Ter | p.Met384Ile | p.Gly244Arg | p.Asn385Ser | p.Leu304Pro | p.Phe333fs | p.Trp393Gly | p.His423Tyr | p.Arg443Ter | p.Gln294Lys | p.Ala484Glu | p.Tyr469Ser
SOST,p.Gln24Ter | p.Trp124Ter | p.Arg126Ter
SOX9,p.Gln195Ter | p.Arg264fs | p.Glu287fs | p.Gln246fs | p.Tyr440Ter | p.Lys173Glu | p.Ser99fs | p.His165Tyr | p.Ala76Glu | p.Glu66_Glu75del | p.Phe154Leu | p.Ala158Thr | p.Gln369fs
SPART,p.Lys370fs | p.Met122fs
SPATA16,p.Arg283Gln
SPATA7,p.Arg108Ter | p.Pro321fs | p.Arg395Ter | p.Gln465fs
SPG11,p.Arg2034Ter | p.Ile177fs | p.Gln40Ter | p.Met245fs | p.Lys825Ter | p.Gln1875Ter | p.Glu1026fs
SPG21,p.Thr201fs
SPRED1,p.Arg117Ter | p.Arg24Ter | p.Gln215Ter | p.Arg64Ter | p.Gln213Ter | p.Arg262Ter | p.Val44Asp
SPTLC1,p.Cys133Tyr | p.Val144Asp | p.Gly387Ala | p.Cys133Trp | p.Ser331Phe | p.Ala352Val
SPTLC2,p.Gly382Val | p.Val359Met | p.Ile504Phe
SRD5A2,p.Arg246Trp | p.Met157del | p.Leu55Gln | p.Gly115Asp | p.Gly183Ser | p.Arg227Ter | p.Phe252fs | p.Ala228Thr | p.Gly196Ser | p.His231Arg | p.Ala49Thr | p.Pro212Arg | p.Glu197Asp | p.Tyr26Ter | p.Arg227Gln
ST14,p.Gly827Arg | p.Met1Ile
STIM1,p.Glu128fs
STOX1,p.Tyr153His | p.Glu608Asp
STRA6,p.Pro293Leu | p.Gly50fs | p.Arg655Cys | p.Thr644Met | p.Pro90Leu | p.Thr321Pro | p.Asp17fs | p.Ser177fs | p.Gly13fs | p.Trp23Ter
STRADA,
STRC,p.Cys1053fs | p.Val724fs
SUFU,p.Pro15Leu | p.Pro49fs | p.Pro24fs | p.Ala25fs
SUGCT,p.Arg329Trp | p.Arg172Ter | p.Arg101Ter
SUMF1,p.Ser359Ter | p.Arg327Ter | p.Arg349Trp | p.Arg349Gln | p.Cys336Arg | p.Ala279Val | p.Gly82fs | p.Ala221fs | p.Ser155Pro | p.Met1Arg | p.Arg345Cys | p.Ala348Pro | p.Cys218Tyr | p.Met1Val
SUMF2,
SUMO4;TAB2,p.Val55Met
SUOX,p.Arg217Gln | p.Ala265Asp | p.Gly530Asp
SYNE1,p.Arg2899Ter | p.Gln7711Ter | p.Gln7457Ter | p.Met3970fs | p.Arg8095His | p.Val8387Leu | p.Glu8461Lys
SYNE2,p.Thr6211Met
TACO1,p.His158fs
TAS2R38,p.Ala49Pro | p.Ala262= | p.Ile296Val
TAT,p.Arg57Ter | p.Ser223Ter | p.Arg417Ter | p.Gly362Val
TBC1D24,p.Asp147His | p.Ala515Val | p.Phe251Leu
TBX20,p.Ile152Met | p.Gln195Ter | p.Ile121Met
TCN2,p.Cys309fs | p.Arg259Pro
TCOF1,p.Gln329Ter | p.His141fs | p.Asn166fs | p.Lys1458fs | p.Tyr50Cys | p.Ser547fs | p.Arg988Ter | p.Glu1457fs
TDP1,p.His493Arg
THAP1,p.Phe81Leu | p.Gln154fs | p.Lys89Arg | p.Val131fs | p.Lys158fs | p.Gly9Cys
TIRAP,p.Ser180Leu
TJP2,p.Val48Ala
TLL1,p.Met182Leu | p.Val238Ala | p.Ile629Val
TMC1,p.Asp572Asn | p.Arg34Ter | p.Met654Val | p.Asp572His | p.Cys515Arg
TMC6,p.Arg94Ter | p.Glu576Ter | p.Tyr248Ter
TMC8,p.Phe252fs | p.Glu362Ter
TMEM126A,p.Arg55Ter
TMEM127,p.Gln159Ter | p.Pro51fs
TMEM216,p.Arg73Leu | p.Arg73His | p.Leu114Arg | p.Gly77Ala
TMEM43,p.Ser358Leu
TMEM67,p.His128fs | p.Val217fs | p.Gln376Pro | p.Tyr513Cys | p.Gly545Glu | p.Arg208Ter | p.Ser320Cys | p.Ile833Thr | p.Phe590Ser | p.Gly821Ser | p.Cys615Arg | p.Trp290Leu | p.Gly821Arg | p.Gln44Ter | p.Met252Thr
TMEM70,
TMIE,p.Pro41fs | p.Arg81Cys | p.Arg84Trp | p.Arg92Trp | p.Trp57Ter
TMPRSS15,p.Ser712Ter | p.Arg857Ter | p.Gln261Ter | p.Val903fs
TMPRSS3,p.Trp251Cys | p.Pro403Leu | p.Arg216Leu
TMPRSS6,p.Lys627fs | p.Ala596fs | p.Gly433Arg | p.Asp512Asn | p.Tyr346Ter | p.Glu452fs | p.Tyr384Ter | p.Arg590Ter | p.Val678fs | p.Ala109Asp
TNFRSF13C,p.Leu89_Val96del
TOPORS,p.Tyr825Ter
TPCN2,p.Met484Leu | p.Gly734Glu
TPH2,p.Arg441His | p.Arg303Trp | p.Pro206Ser
TPO,p.Arg540Ter | p.Ile447Phe | p.Tyr453Asp | p.Gly590Ser | p.Glu799Lys | p.Cys808fs | p.Arg648Gln | p.Cys838fs | p.Glu757Ter | p.Arg693Trp | p.Pro499fs | p.Gln660Glu | p.Phe653fs
TPP1,p.Cys365Arg | p.Cys365Tyr | p.Arg208Ter | p.Arg447His | p.Arg206Cys | p.Gly284Val | p.Asn286Ser
TPRN,p.Trp413Ter | p.Pro476fs | p.Leu80fs | p.Gly76fs | p.Thr511fs
TRAPPC9,p.Arg377Ter | p.Arg472Ter | p.Leu674fs
TREX1,p.Arg114His | p.Arg164Ter | p.Asp200dup | p.Val201Asp | p.Gly126fs | p.Asp200Asn | p.Asp18Asn | p.Thr236fs
TRIOBP,p.Arg347Ter | p.Gln581Ter | p.Gln297Ter | p.Arg788Ter | p.Arg1068Ter | p.Arg1117Ter | p.Asp1069fs
TRMU,p.Ala10Ser | p.Tyr77His | p.Gly272Asp | p.Met1Lys
TRPM4,p.Glu7Lys
TRPM6,p.Ser590Ter | p.His427fs | p.Glu1260fs | p.Arg736fs | p.Arg474Ter | p.Arg56Ter | p.Ser141Leu
TRPM7,p.Thr1482Ile
TRPV4,p.Arg616Gln | p.Val620Ile | p.Arg594His | p.Asp333Gly | p.Ala716Ser | p.Ile331Phe | p.Pro799Leu | p.Arg315Trp | p.Arg269His | p.Arg316Cys | p.Arg269Cys | p.Pro19Ser
TSEN2,p.Tyr309Cys
TSEN34,p.Arg58Trp
TSEN54,p.Ala307Ser | p.Gln246Ter | p.Gln343Ter
TSPAN12,p.Ala237Pro | p.Gly188Arg | p.Phe73fs | p.Leu140Ter | p.Leu101His
TTBK2,p.Arg444fs | p.Glu429fs
TTC8,p.Glu197_Tyr198del | p.Thr163=
TUBA8,
TUBB1,p.Arg318Trp
TUBB2B,p.Ser172Pro | p.Leu228Pro | p.Phe265Leu
TWNK,p.His364_Lys365insLeuSerArgIleLeuArgThrAlaLeuProAlaTrpHis | p.Ala475Pro | p.Ala359Thr | p.Trp474Ter | p.Trp315Leu | p.Arg354Pro | p.Leu381Pro | p.Arg334Gln | p.Ser369Tyr | p.Lys319Glu | p.Thr457Ile | p.Tyr508Cys | p.Arg303Gln | p.Arg374Trp | p.Ala318Thr
TYR,p.Arg311fs | p.Pro81Leu | p.Val275Phe | p.Thr373Lys | p.Asp383Asn | p.Arg77Gln | p.Pro406Leu | p.Ser192Tyr | p.Arg402Gln | p.Cys89Arg | p.Arg422Gln | p.Trp178Ter | p.Asn382Lys | p.Cys244_Asp245delinsTer | p.Met96fs | p.Asp42Gly | p.Cys55Tyr | p.Ala206Thr | p.Gly419Arg | p.Pro21Ser | p.Gly47Asp | p.Arg217Trp | p.Arg299His | p.Asn371Thr | p.His389fs | p.Arg403Ser | p.Gly446Ser | p.Asp448Asn | p.Ala490fs | p.Arg501fs | p.Trp236Ter | p.Leu216Met | p.Met1Val
UBIAD1,p.Asn102Ser | p.Gly177Arg | p.Arg119Gly | p.Thr175Ile | p.Asn232Ser | p.Asp112Gly | p.Ser171Pro | p.Gly186Arg | p.Asp236Glu
UBR1,p.His136Arg | p.Gln513Ter
UNC13D,p.Arg610_Gln613del | p.Asn73fs | p.His586fs | p.Arg256Ter | p.Leu403Pro | p.Phe857Cys
UNC93B1,p.Gly261Ser
UPB1,p.Ala85Glu | p.Arg70Pro
UPK3A,p.Pro273Leu | p.Gly202Asp
UQCRQ,p.Ser45Phe
UROC1,p.Arg450Cys | p.Leu70Pro
UROD,p.Gly281Val | p.Gly281Glu | p.Glu167Lys | p.Arg292Gly | p.Pro62Leu | p.Tyr311Cys | p.Glu314= | p.Met165Arg | p.Leu195Phe | p.Asn304Lys | p.Arg332His
UROS,p.Cys73Arg | p.Pro53Leu | p.Ala66Val | p.Thr62Ala | p.Thr228Met | p.Leu4Phe | p.Val82Phe | p.Gly188Arg | p.Glu81Asp | p.Gly188Trp | p.Gly225Ser | p.Pro248Gln
USB1,p.Arg168Gly
USH1G,p.Leu48Pro | p.Ile63fs | p.Ser278fs | p.Val132fs | p.Trp38Ter
USH2A,p.Glu767fs | p.Thr967fs | p.Cys1447fs | p.Leu260Ter | p.Cys319Tyr | p.Cys759Phe | p.Trp3955Ter | p.Arg317= | p.Cys419Phe | p.Gln81fs | p.Arg737Ter | p.Arg4674Gly
UTP4,p.Arg565Trp
VANGL1,p.Val239Ile | p.Arg274Gln | p.Met328Thr
VAPB,p.Pro56Ser
VHL,p.Ile75del | p.Ser183Ter | p.Arg167Gln | p.Arg161Ter | p.Arg167Trp | p.Arg167Gly | p.Trp88Ser | p.Leu135Phe | p.Tyr112His | p.Tyr98His | p.Val166Phe | p.Leu188Val | p.Arg64Pro | p.Leu63Pro | p.Tyr112Asn | p.Val130Leu | p.Asp126Tyr | p.Leu163Pro | p.Arg200Trp | p.Pro81Ser | p.Pro192Ser | p.His191Asp | p.Val84Leu | p.Gly93Ser | p.Gln164Arg
VIPAS39,p.Gln179Ter | p.Thr250fs | p.Arg220Ter | p.Gln291Ter | p.Met1Arg
VKORC1,p.Arg98Trp | p.Val29Leu | p.Val45Ala | p.Arg58Gly | p.Leu128Arg | p.Asp36Tyr
VPS13A,p.Ile90Lys | p.Ser2136fs | p.Arg208Ter | p.Ala2679Thr
VPS13B,p.Cys1117fs | p.Leu2168Arg | p.Arg2326Ter | p.Asn2968Ser | p.Glu1466Ter | p.Arg971Ter | p.Gly2620Asp | p.Gln3605Ter | p.Leu3062fs | p.Ile2795Thr
VPS33B,p.Arg532Ter | p.Arg438Ter | p.Leu30Pro
VWF,p.Ile1628Thr | p.Arg1597Trp | p.Val1607Asp | p.Trp1313Cys | p.Arg1306Trp | p.Arg1308Cys | p.Val1316Met | p.Arg1341Gln | p.Ser1613Pro | p.Arg1399His | p.Thr791Met | p.Arg816Trp | p.Arg854Gln | p.Arg1659Ter | p.Arg1853Ter | p.Arg2535Ter | p.Gly1324Ser | p.Cys1272Arg | p.Val1314Leu | p.Pro812fs | p.Phe1514Cys | p.Gly550Arg | p.Cys2773Arg | p.Arg1205His | p.Cys1149Arg | p.Tyr1584Cys | p.Ser1285Phe | p.Tyr795Cys | p.Cys804Phe | p.Pro1266Leu | p.Cys2362Phe | p.Tyr357Ter | p.Cys1060Arg | p.Asn528Ser
WASHC5,p.Val626Phe | p.Leu619Phe | p.Asn471Asp
WDPCP,p.Leu208Phe | p.Arg55Lys
WDR35,p.Glu615Gly | p.Pro953fs | p.Ala864Thr
WDR36,p.Asp602Gly | p.Asn299Ser | p.Ala393Thr | p.Arg473Gln
WDR62,p.Val1402fs | p.Glu526Lys | p.Trp224Ser | p.Gln470Ter | p.Gly1280fs
WDR72,p.Ser783Ter | p.Trp978Ter | p.Ser953fs
WFS1,p.Pro724Leu | p.Gly695Val | p.Trp648Ter | p.Pro504Leu | p.Glu462_Thr464del | p.Gln226Ter | p.Gln819Ter | p.Val142fs | p.Ala716Thr | p.Leu829Pro | p.Thr699Met | p.Gly831Asp | p.Lys634Thr | p.Glu864Lys | p.Arg859Gln
WHRN,p.Arg778Ter | p.Gln103Ter
WNT10A,p.Glu233Ter | p.Cys107Ter | p.Phe228Ile | p.Arg128Gln | p.Cys376Ter | p.Trp9Ter
WT1,p.Asn298fs | p.Gly365fs | p.Arg467Trp | p.Arg439His | p.Asp469Gly | p.Asp469Asn | p.Arg467Pro | p.Cys403Tyr | p.Arg463Ter | p.His450Tyr | p.Cys433Gly | p.Arg435Ter | p.His446Gln | p.Ser346Gly | p.Phe456Leu | p.Phe465Leu | p.Arg439Cys | p.Tyr182Ter
WWC1,
XDH,p.Arg228Ter | p.Thr856fs | p.Arg149Cys
XPA,p.Cys108Phe | p.Leu117fs | p.Arg228Ter | p.Arg207Ter | p.Tyr116Ter
XPC,p.Pro334His | p.? | p.Lys431fs | p.Tyr189fs | p.Arg579Ter | p.Val548fs
XPNPEP3,p.Gly453Cys | p.Asn311fs
XYLT1,p.Ala115Ser
XYLT2,p.Thr801Arg
YARS2,p.Phe52Leu
ZEB2,p.Arg549Ter | p.Arg695Ter | p.Thr392fs | p.Met476fs | p.Gln255fs | p.Leu818fs | p.Asn631fs | p.Arg185fs | p.Ser852Ter | p.Met1190fs | p.Asn100del | p.Val621fs | p.Gln1119Arg
ZFAT,
ZFP57,p.Cys261Ter | p.Glu106fs | p.Tyr462fs | p.His458Asp | p.Arg248His | p.His277Asn | p.Gly299_Thr300insTer
ZFYVE26,p.Arg1438Ter | p.Trp2234fs | p.Gln493Ter
ZFYVE27,p.Gly191Val
ZMPSTE24,p.Leu362fs | p.Trp340Arg | p.Gln41Ter | p.Pro248Leu | p.Glu239Ter
ZNF365,
ZNF469,p.Gly2011fs | p.Gln3206fs
ZNF513,p.Cys339Arg
ZNF592,p.Gly1046Arg
ZNF750,p.Gly20fs
